-- --------------------------------------------------------
-- Host:                         127.0.0.1
-- Server version:               5.6.20 - MySQL Community Server (GPL)
-- Server OS:                    Win32
-- HeidiSQL Version:             8.3.0.4694
-- --------------------------------------------------------

/*!40101 SET @OLD_CHARACTER_SET_CLIENT=@@CHARACTER_SET_CLIENT */;
/*!40101 SET NAMES utf8 */;
/*!40014 SET @OLD_FOREIGN_KEY_CHECKS=@@FOREIGN_KEY_CHECKS, FOREIGN_KEY_CHECKS=0 */;
/*!40101 SET @OLD_SQL_MODE=@@SQL_MODE, SQL_MODE='NO_AUTO_VALUE_ON_ZERO' */;

-- Dumping database structure for monita3
CREATE DATABASE IF NOT EXISTS `monita3` /*!40100 DEFAULT CHARACTER SET latin1 */;
USE `monita3`;


-- Dumping structure for table monita3.daftar_alarm
CREATE TABLE IF NOT EXISTS `daftar_alarm` (
  `id_alarm` int(11) NOT NULL AUTO_INCREMENT,
  `deskripsi` varchar(64) DEFAULT NULL,
  `waktu` varchar(16) DEFAULT NULL,
  `level_alarm` int(11) DEFAULT NULL,
  `accepted` int(10) unsigned DEFAULT NULL,
  `id_titik` int(10) unsigned NOT NULL,
  PRIMARY KEY (`id_alarm`)
) ENGINE=InnoDB DEFAULT CHARSET=latin1;

-- Dumping data for table monita3.daftar_alarm: ~0 rows (approximately)
/*!40000 ALTER TABLE `daftar_alarm` DISABLE KEYS */;
/*!40000 ALTER TABLE `daftar_alarm` ENABLE KEYS */;


-- Dumping structure for table monita3.daftar_group
CREATE TABLE IF NOT EXISTS `daftar_group` (
  `id_jenis` smallint(5) unsigned NOT NULL AUTO_INCREMENT,
  `nama_group` char(50) DEFAULT NULL,
  PRIMARY KEY (`id_jenis`)
) ENGINE=InnoDB DEFAULT CHARSET=latin1;

-- Dumping data for table monita3.daftar_group: ~0 rows (approximately)
/*!40000 ALTER TABLE `daftar_group` DISABLE KEYS */;
/*!40000 ALTER TABLE `daftar_group` ENABLE KEYS */;


-- Dumping structure for table monita3.data_harian
CREATE TABLE IF NOT EXISTS `data_harian` (
  `id_titik_ukur` int(11) DEFAULT NULL,
  `waktu` bigint(17) DEFAULT NULL,
  `data_tunggal` float DEFAULT NULL,
  `year` smallint(6) NOT NULL,
  `month` tinyint(4) NOT NULL,
  `date` tinyint(4) NOT NULL,
  `hour` tinyint(4) NOT NULL,
  `minute` tinyint(4) NOT NULL,
  `second` tinyint(4) NOT NULL,
  KEY `id_titik_ukur` (`id_titik_ukur`,`waktu`),
  KEY `year` (`year`),
  KEY `month` (`month`),
  KEY `date` (`date`)
) ENGINE=InnoDB DEFAULT CHARSET=latin1;

-- Dumping data for table monita3.data_harian: ~0 rows (approximately)
/*!40000 ALTER TABLE `data_harian` DISABLE KEYS */;
/*!40000 ALTER TABLE `data_harian` ENABLE KEYS */;


-- Dumping structure for table monita3.data_harian_dummy
CREATE TABLE IF NOT EXISTS `data_harian_dummy` (
  `id_titik_ukur` int(11) DEFAULT NULL,
  `waktu` bigint(17) DEFAULT NULL,
  `data_tunggal` float DEFAULT NULL,
  `hour` tinyint(4) NOT NULL,
  `minute` tinyint(4) NOT NULL,
  `second` tinyint(4) NOT NULL,
  KEY `id_titik_ukur` (`id_titik_ukur`,`waktu`),
  KEY `hour` (`hour`),
  KEY `minute` (`minute`),
  KEY `second` (`second`)
) ENGINE=InnoDB DEFAULT CHARSET=latin1;

-- Dumping data for table monita3.data_harian_dummy: ~690 rows (approximately)
/*!40000 ALTER TABLE `data_harian_dummy` DISABLE KEYS */;
INSERT INTO `data_harian_dummy` (`id_titik_ukur`, `waktu`, `data_tunggal`, `hour`, `minute`, `second`) VALUES
	(12092, 20140604000000000, 450, 0, 0, 0),
	(12093, 20140604000000000, 320, 0, 0, 0),
	(12094, 20140604000000000, 340, 0, 0, 0),
	(12095, 20140604000000000, 460, 0, 0, 0),
	(12096, 20140604000000000, 350, 0, 0, 0),
	(12097, 20140604000000000, 420, 0, 0, 0),
	(12098, 20140604000000000, 580, 0, 0, 0),
	(12099, 20140604000000000, 390, 0, 0, 0),
	(12100, 20140604000000000, 360, 0, 0, 0),
	(12101, 20140604000000000, 420, 0, 0, 0),
	(12102, 20140604000000000, 430, 0, 0, 0),
	(12103, 20140604000000000, 390, 0, 0, 0),
	(12104, 20140604000000000, 415, 0, 0, 0),
	(12105, 20140604000000000, 411, 0, 0, 0),
	(12106, 20140604000000000, 351, 0, 0, 0),
	(12107, 20140604000000000, 430, 0, 0, 0),
	(12108, 20140604000000000, 470, 0, 0, 0),
	(12109, 20140604000000000, 380, 0, 0, 0),
	(12038, 20140604000000000, 82.8995, 0, 0, 0),
	(12039, 20140604000000000, 15.0129, 0, 0, 0),
	(12145, 20140604000000000, 4.89583, 0, 0, 0),
	(12152, 20140604000000000, 70.4, 0, 0, 0),
	(12164, 20140604000000000, 3.18519, 0, 0, 0),
	(12165, 20140604000000000, 3.06944, 0, 0, 0),
	(12130, 20140604000000000, 3.29688, 0, 0, 0),
	(12203, 20140604000000000, 86.8, 0, 0, 0),
	(12138, 20140604000000000, 26.3, 0, 0, 0),
	(12166, 20140604000000000, 3.15451, 0, 0, 0),
	(12067, 20140604000000000, 83.6, 0, 0, 0),
	(12211, 20140604000000000, 11.0532, 0, 0, 0),
	(12092, 20140604000000000, 450, 0, 0, 10),
	(12093, 20140604000000000, 320, 0, 0, 10),
	(12094, 20140604000000000, 340, 0, 0, 10),
	(12095, 20140604000000000, 460, 0, 0, 10),
	(12096, 20140604000000000, 350, 0, 0, 10),
	(12097, 20140604000000000, 420, 0, 0, 10),
	(12098, 20140604000000000, 480, 0, 0, 10),
	(12099, 20140604000000000, 390, 0, 0, 10),
	(12100, 20140604000000000, 360, 0, 0, 10),
	(12101, 20140604000000000, 420, 0, 0, 10),
	(12102, 20140604000000000, 430, 0, 0, 10),
	(12103, 20140604000000000, 390, 0, 0, 10),
	(12104, 20140604000000000, 415, 0, 0, 10),
	(12105, 20140604000000000, 611, 0, 0, 10),
	(12106, 20140604000000000, 351, 0, 0, 10),
	(12107, 20140604000000000, 430, 0, 0, 10),
	(12108, 20140604000000000, 470, 0, 0, 10),
	(12109, 20140604000000000, 380, 0, 0, 10),
	(12038, 20140604000000000, 82.8995, 0, 0, 10),
	(12039, 20140604000000000, 15.0129, 0, 0, 10),
	(12145, 20140604000000000, 4.89583, 0, 0, 10),
	(12152, 20140604000000000, 70.4, 0, 0, 10),
	(12164, 20140604000000000, 3.18519, 0, 0, 10),
	(12165, 20140604000000000, 3.06944, 0, 0, 10),
	(12130, 20140604000000000, 3.29688, 0, 0, 10),
	(12203, 20140604000000000, 86.8, 0, 0, 10),
	(12138, 20140604000000000, 26.3, 0, 0, 10),
	(12166, 20140604000000000, 3.15451, 0, 0, 10),
	(12067, 20140604000000000, 83.6, 0, 0, 10),
	(12211, 20140604000000000, 11.0532, 0, 0, 10),
	(12092, 20140604000000000, 450, 0, 0, 20),
	(12093, 20140604000000000, 320, 0, 0, 20),
	(12094, 20140604000000000, 340, 0, 0, 20),
	(12095, 20140604000000000, 460, 0, 0, 20),
	(12096, 20140604000000000, 350, 0, 0, 20),
	(12097, 20140604000000000, 420, 0, 0, 20),
	(12098, 20140604000000000, 480, 0, 0, 20),
	(12099, 20140604000000000, 390, 0, 0, 20),
	(12100, 20140604000000000, 360, 0, 0, 20),
	(12101, 20140604000000000, 420, 0, 0, 20),
	(12102, 20140604000000000, 430, 0, 0, 20),
	(12103, 20140604000000000, 390, 0, 0, 20),
	(12104, 20140604000000000, 415, 0, 0, 20),
	(12105, 20140604000000000, 411, 0, 0, 20),
	(12106, 20140604000000000, 351, 0, 0, 20),
	(12107, 20140604000000000, 430, 0, 0, 20),
	(12108, 20140604000000000, 470, 0, 0, 20),
	(12109, 20140604000000000, 380, 0, 0, 20),
	(12038, 20140604000000000, 82.8995, 0, 0, 20),
	(12039, 20140604000000000, 15.0129, 0, 0, 20),
	(12145, 20140604000000000, 4.89583, 0, 0, 20),
	(12152, 20140604000000000, 70.4, 0, 0, 20),
	(12164, 20140604000000000, 3.18519, 0, 0, 20),
	(12165, 20140604000000000, 3.06944, 0, 0, 20),
	(12130, 20140604000000000, 3.29688, 0, 0, 20),
	(12203, 20140604000000000, 86.8, 0, 0, 20),
	(12138, 20140604000000000, 26.3, 0, 0, 20),
	(12166, 20140604000000000, 3.15451, 0, 0, 20),
	(12067, 20140604000000000, 83.6, 0, 0, 20),
	(12211, 20140604000000000, 11.0532, 0, 0, 20),
	(12092, 20140604000000000, 350, 0, 0, 30),
	(12093, 20140604000000000, 320, 0, 0, 30),
	(12094, 20140604000000000, 340, 0, 0, 30),
	(12095, 20140604000000000, 310, 0, 0, 30),
	(12096, 20140604000000000, 350, 0, 0, 30),
	(12097, 20140604000000000, 320, 0, 0, 30),
	(12098, 20140604000000000, 330, 0, 0, 30),
	(12099, 20140604000000000, 390, 0, 0, 30),
	(12100, 20140604000000000, 360, 0, 0, 30),
	(12101, 20140604000000000, 420, 0, 0, 30),
	(12102, 20140604000000000, 430, 0, 0, 30),
	(12103, 20140604000000000, 390, 0, 0, 30),
	(12104, 20140604000000000, 415, 0, 0, 30),
	(12105, 20140604000000000, 411, 0, 0, 30),
	(12106, 20140604000000000, 351, 0, 0, 30),
	(12107, 20140604000000000, 430, 0, 0, 30),
	(12108, 20140604000000000, 470, 0, 0, 30),
	(12109, 20140604000000000, 380, 0, 0, 30),
	(12038, 20140604000000000, 82.8995, 0, 0, 30),
	(12039, 20140604000000000, 15.0129, 0, 0, 30),
	(12145, 20140604000000000, 4.89583, 0, 0, 30),
	(12152, 20140604000000000, 70.4, 0, 0, 30),
	(12164, 20140604000000000, 3.18519, 0, 0, 30),
	(12165, 20140604000000000, 3.06944, 0, 0, 30),
	(12130, 20140604000000000, 3.29688, 0, 0, 30),
	(12203, 20140604000000000, 86.8, 0, 0, 30),
	(12138, 20140604000000000, 26.3, 0, 0, 30),
	(12166, 20140604000000000, 3.15451, 0, 0, 30),
	(12067, 20140604000000000, 83.6, 0, 0, 30),
	(12211, 20140604000000000, 11.0532, 0, 0, 30),
	(12092, 20140604000000000, 250, 0, 0, 40),
	(12093, 20140604000000000, 220, 0, 0, 40),
	(12094, 20140604000000000, 240, 0, 0, 40),
	(12095, 20140604000000000, 210, 0, 0, 40),
	(12096, 20140604000000000, 250, 0, 0, 40),
	(12097, 20140604000000000, 220, 0, 0, 40),
	(12098, 20140604000000000, 230, 0, 0, 40),
	(12099, 20140604000000000, 290, 0, 0, 40),
	(12100, 20140604000000000, 260, 0, 0, 40),
	(12101, 20140604000000000, 220, 0, 0, 40),
	(12102, 20140604000000000, 230, 0, 0, 40),
	(12103, 20140604000000000, 290, 0, 0, 40),
	(12104, 20140604000000000, 215, 0, 0, 40),
	(12105, 20140604000000000, 211, 0, 0, 40),
	(12106, 20140604000000000, 251, 0, 0, 40),
	(12107, 20140604000000000, 230, 0, 0, 40),
	(12108, 20140604000000000, 270, 0, 0, 40),
	(12109, 20140604000000000, 280, 0, 0, 40),
	(12038, 20140604000000000, 82.8995, 0, 0, 40),
	(12039, 20140604000000000, 15.0129, 0, 0, 40),
	(12145, 20140604000000000, 4.89583, 0, 0, 40),
	(12152, 20140604000000000, 70.4, 0, 0, 40),
	(12164, 20140604000000000, 3.18519, 0, 0, 40),
	(12165, 20140604000000000, 3.06944, 0, 0, 40),
	(12130, 20140604000000000, 3.29688, 0, 0, 40),
	(12203, 20140604000000000, 86.8, 0, 0, 40),
	(12138, 20140604000000000, 26.3, 0, 0, 40),
	(12166, 20140604000000000, 3.15451, 0, 0, 40),
	(12067, 20140604000000000, 83.6, 0, 0, 40),
	(12211, 20140604000000000, 11.0532, 0, 0, 40),
	(12092, 20140604000000000, 450, 0, 0, 50),
	(12093, 20140604000000000, 490, 0, 0, 50),
	(12094, 20140604000000000, 480, 0, 0, 50),
	(12095, 20140604000000000, 470, 0, 0, 50),
	(12096, 20140604000000000, 490, 0, 0, 50),
	(12097, 20140604000000000, 460, 0, 0, 50),
	(12098, 20140604000000000, 450, 0, 0, 50),
	(12099, 20140604000000000, 490, 0, 0, 50),
	(12100, 20140604000000000, 460, 0, 0, 50),
	(12101, 20140604000000000, 480, 0, 0, 50),
	(12102, 20140604000000000, 480, 0, 0, 50),
	(12103, 20140604000000000, 490, 0, 0, 50),
	(12104, 20140604000000000, 485, 0, 0, 50),
	(12105, 20140604000000000, 491, 0, 0, 50),
	(12106, 20140604000000000, 481, 0, 0, 50),
	(12107, 20140604000000000, 490, 0, 0, 50),
	(12108, 20140604000000000, 470, 0, 0, 50),
	(12109, 20140604000000000, 480, 0, 0, 50),
	(12038, 20140604000000000, 82.8995, 0, 0, 50),
	(12039, 20140604000000000, 90.0129, 0, 0, 50),
	(12145, 20140604000000000, 4.89583, 0, 0, 50),
	(12152, 20140604000000000, 70.4, 0, 0, 50),
	(12164, 20140604000000000, 3.18519, 0, 0, 50),
	(12165, 20140604000000000, 3.06944, 0, 0, 50),
	(12130, 20140604000000000, 3.29688, 0, 0, 50),
	(12203, 20140604000000000, 86.8, 0, 0, 50),
	(12138, 20140604000000000, 26.3, 0, 0, 50),
	(12166, 20140604000000000, 3.15451, 0, 0, 50),
	(12067, 20140604000000000, 83.6, 0, 0, 50),
	(12211, 20140604000000000, 11.0532, 0, 0, 50),
	(12092, 20140604000000000, 450, 0, 1, 0),
	(12093, 20140604000000000, 320, 0, 1, 0),
	(12094, 20140604000000000, 340, 0, 1, 0),
	(12095, 20140604000000000, 460, 0, 1, 0),
	(12096, 20140604000000000, 350, 0, 1, 0),
	(12097, 20140604000000000, 420, 0, 1, 0),
	(12098, 20140604000000000, 480, 0, 1, 0),
	(12099, 20140604000000000, 390, 0, 1, 0),
	(12100, 20140604000000000, 360, 0, 1, 0),
	(12101, 20140604000000000, 420, 0, 1, 0),
	(12102, 20140604000000000, 430, 0, 1, 0),
	(12103, 20140604000000000, 390, 0, 1, 0),
	(12104, 20140604000000000, 415, 0, 1, 0),
	(12105, 20140604000000000, 411, 0, 1, 0),
	(12106, 20140604000000000, 351, 0, 1, 0),
	(12107, 20140604000000000, 430, 0, 1, 0),
	(12108, 20140604000000000, 470, 0, 1, 0),
	(12109, 20140604000000000, 380, 0, 1, 0),
	(12038, 20140604000000000, 82.8995, 0, 1, 0),
	(12039, 20140604000000000, 15.0129, 0, 1, 0),
	(12145, 20140604000000000, 4.89583, 0, 1, 0),
	(12152, 20140604000000000, 70.4, 0, 1, 0),
	(12164, 20140604000000000, 3.18519, 0, 1, 0),
	(12165, 20140604000000000, 3.06944, 0, 1, 0),
	(12130, 20140604000000000, 3.29688, 0, 1, 0),
	(12203, 20140604000000000, 100.8, 0, 1, 0),
	(12138, 20140604000000000, 26.3, 0, 1, 0),
	(12166, 20140604000000000, 3.15451, 0, 1, 0),
	(12067, 20140604000000000, 83.6, 0, 1, 0),
	(12211, 20140604000000000, 11.0532, 0, 1, 0),
	(12092, 20140604000000000, 450, 0, 1, 10),
	(12093, 20140604000000000, 320, 0, 1, 10),
	(12094, 20140604000000000, 340, 0, 1, 10),
	(12095, 20140604000000000, 460, 0, 1, 10),
	(12096, 20140604000000000, 350, 0, 1, 10),
	(12097, 20140604000000000, 420, 0, 1, 10),
	(12098, 20140604000000000, 480, 0, 1, 10),
	(12099, 20140604000000000, 390, 0, 1, 10),
	(12100, 20140604000000000, 360, 0, 1, 10),
	(12101, 20140604000000000, 420, 0, 1, 10),
	(12102, 20140604000000000, 430, 0, 1, 10),
	(12103, 20140604000000000, 390, 0, 1, 10),
	(12104, 20140604000000000, 415, 0, 1, 10),
	(12105, 20140604000000000, 411, 0, 1, 10),
	(12106, 20140604000000000, 351, 0, 1, 10),
	(12107, 20140604000000000, 430, 0, 1, 10),
	(12108, 20140604000000000, 470, 0, 1, 10),
	(12109, 20140604000000000, 380, 0, 1, 10),
	(12038, 20140604000000000, 82.8995, 0, 1, 10),
	(12039, 20140604000000000, 25.0129, 0, 1, 10),
	(12145, 20140604000000000, 4.89583, 0, 1, 10),
	(12152, 20140604000000000, 70.4, 0, 1, 10),
	(12164, 20140604000000000, 3.18519, 0, 1, 10),
	(12165, 20140604000000000, 3.06944, 0, 1, 10),
	(12130, 20140604000000000, 3.29688, 0, 1, 10),
	(12203, 20140604000000000, 100.8, 0, 1, 10),
	(12138, 20140604000000000, 26.3, 0, 1, 10),
	(12166, 20140604000000000, 3.15451, 0, 1, 10),
	(12067, 20140604000000000, 83.6, 0, 1, 10),
	(12211, 20140604000000000, 11.0532, 0, 1, 10),
	(12092, 20140604000000000, 450, 0, 1, 20),
	(12093, 20140604000000000, 320, 0, 1, 20),
	(12094, 20140604000000000, 340, 0, 1, 20),
	(12095, 20140604000000000, 460, 0, 1, 20),
	(12096, 20140604000000000, 350, 0, 1, 20),
	(12097, 20140604000000000, 420, 0, 1, 20),
	(12098, 20140604000000000, 480, 0, 1, 20),
	(12099, 20140604000000000, 390, 0, 1, 20),
	(12100, 20140604000000000, 360, 0, 1, 20),
	(12101, 20140604000000000, 420, 0, 1, 20),
	(12102, 20140604000000000, 430, 0, 1, 20),
	(12103, 20140604000000000, 390, 0, 1, 20),
	(12104, 20140604000000000, 415, 0, 1, 20),
	(12105, 20140604000000000, 411, 0, 1, 20),
	(12106, 20140604000000000, 351, 0, 1, 20),
	(12107, 20140604000000000, 430, 0, 1, 20),
	(12108, 20140604000000000, 470, 0, 1, 20),
	(12109, 20140604000000000, 380, 0, 1, 20),
	(12038, 20140604000000000, 82.8995, 0, 1, 20),
	(12039, 20140604000000000, 15.0129, 0, 1, 20),
	(12145, 20140604000000000, 4.89583, 0, 1, 20),
	(12152, 20140604000000000, 70.4, 0, 1, 20),
	(12164, 20140604000000000, 3.18519, 0, 1, 20),
	(12165, 20140604000000000, 3.06944, 0, 1, 20),
	(12130, 20140604000000000, 3.29688, 0, 1, 20),
	(12203, 20140604000000000, -2, 0, 1, 20),
	(12138, 20140604000000000, 26.3, 0, 1, 20),
	(12166, 20140604000000000, 3.15451, 0, 1, 20),
	(12067, 20140604000000000, 83.6, 0, 1, 20),
	(12211, 20140604000000000, 11.0532, 0, 1, 20),
	(12092, 20140604000000000, 450, 0, 1, 30),
	(12093, 20140604000000000, 320, 0, 1, 30),
	(12094, 20140604000000000, 340, 0, 1, 30),
	(12095, 20140604000000000, 460, 0, 1, 30),
	(12096, 20140604000000000, 350, 0, 1, 30),
	(12097, 20140604000000000, 420, 0, 1, 30),
	(12098, 20140604000000000, 480, 0, 1, 30),
	(12099, 20140604000000000, 390, 0, 1, 30),
	(12100, 20140604000000000, 360, 0, 1, 30),
	(12101, 20140604000000000, 420, 0, 1, 30),
	(12102, 20140604000000000, 430, 0, 1, 30),
	(12103, 20140604000000000, 390, 0, 1, 30),
	(12104, 20140604000000000, 415, 0, 1, 30),
	(12105, 20140604000000000, 411, 0, 1, 30),
	(12106, 20140604000000000, 351, 0, 1, 30),
	(12107, 20140604000000000, 430, 0, 1, 30),
	(12108, 20140604000000000, 470, 0, 1, 30),
	(12109, 20140604000000000, 380, 0, 1, 30),
	(12038, 20140604000000000, 82.8995, 0, 1, 30),
	(12039, 20140604000000000, 15.0129, 0, 1, 30),
	(12145, 20140604000000000, 4.89583, 0, 1, 30),
	(12152, 20140604000000000, 70.4, 0, 1, 30),
	(12164, 20140604000000000, 3.18519, 0, 1, 30),
	(12165, 20140604000000000, 3.06944, 0, 1, 30),
	(12130, 20140604000000000, 0.29688, 0, 1, 30),
	(12203, 20140604000000000, 86.8, 0, 1, 30),
	(12138, 20140604000000000, 26.3, 0, 1, 30),
	(12166, 20140604000000000, 3.15451, 0, 1, 30),
	(12067, 20140604000000000, 83.6, 0, 1, 30),
	(12211, 20140604000000000, 11.0532, 0, 1, 30),
	(12092, 20140604000000000, 450, 0, 1, 40),
	(12093, 20140604000000000, 320, 0, 1, 40),
	(12094, 20140604000000000, 340, 0, 1, 40),
	(12095, 20140604000000000, 460, 0, 1, 40),
	(12096, 20140604000000000, 350, 0, 1, 40),
	(12097, 20140604000000000, 420, 0, 1, 40),
	(12098, 20140604000000000, 480, 0, 1, 40),
	(12099, 20140604000000000, 390, 0, 1, 40),
	(12100, 20140604000000000, 360, 0, 1, 40),
	(12101, 20140604000000000, 420, 0, 1, 40),
	(12102, 20140604000000000, 430, 0, 1, 40),
	(12103, 20140604000000000, 390, 0, 1, 40),
	(12104, 20140604000000000, 415, 0, 1, 40),
	(12105, 20140604000000000, 411, 0, 1, 40),
	(12106, 20140604000000000, 351, 0, 1, 40),
	(12107, 20140604000000000, 430, 0, 1, 40),
	(12108, 20140604000000000, 470, 0, 1, 40),
	(12109, 20140604000000000, 380, 0, 1, 40),
	(12038, 20140604000000000, 82.8995, 0, 1, 40),
	(12039, 20140604000000000, 15.0129, 0, 1, 40),
	(12145, 20140604000000000, 4.89583, 0, 1, 40),
	(12152, 20140604000000000, 70.4, 0, 1, 40),
	(12164, 20140604000000000, 3.18519, 0, 1, 40),
	(12165, 20140604000000000, 3.06944, 0, 1, 40),
	(12130, 20140604000000000, 3.29688, 0, 1, 40),
	(12203, 20140604000000000, 86.8, 0, 1, 40),
	(12138, 20140604000000000, 56.3, 0, 1, 40),
	(12166, 20140604000000000, 3.15451, 0, 1, 40),
	(12067, 20140604000000000, 83.6, 0, 1, 40),
	(12211, 20140604000000000, 11.0532, 0, 1, 40),
	(12092, 20140604000000000, 450, 0, 1, 50),
	(12093, 20140604000000000, 320, 0, 1, 50),
	(12094, 20140604000000000, 340, 0, 1, 50),
	(12095, 20140604000000000, 460, 0, 1, 50),
	(12096, 20140604000000000, 350, 0, 1, 50),
	(12097, 20140604000000000, 420, 0, 1, 50),
	(12098, 20140604000000000, 480, 0, 1, 50),
	(12099, 20140604000000000, 390, 0, 1, 50),
	(12100, 20140604000000000, 360, 0, 1, 50),
	(12101, 20140604000000000, 420, 0, 1, 50),
	(12102, 20140604000000000, 430, 0, 1, 50),
	(12103, 20140604000000000, 390, 0, 1, 50),
	(12104, 20140604000000000, 415, 0, 1, 50),
	(12105, 20140604000000000, 411, 0, 1, 50),
	(12106, 20140604000000000, 351, 0, 1, 50),
	(12107, 20140604000000000, 430, 0, 1, 50),
	(12108, 20140604000000000, 470, 0, 1, 50),
	(12109, 20140604000000000, 380, 0, 1, 50),
	(12038, 20140604000000000, 82.8995, 0, 1, 50),
	(12039, 20140604000000000, 15.0129, 0, 1, 50),
	(12145, 20140604000000000, 4.89583, 0, 1, 50),
	(12152, 20140604000000000, 70.4, 0, 1, 50),
	(12164, 20140604000000000, 3.18519, 0, 1, 50),
	(12165, 20140604000000000, 0.06944, 0, 1, 50),
	(12130, 20140604000000000, 3.29688, 0, 1, 50),
	(12203, 20140604000000000, 86.8, 0, 1, 50),
	(12138, 20140604000000000, 26.3, 0, 1, 50),
	(12166, 20140604000000000, 3.15451, 0, 1, 50),
	(12067, 20140604000000000, 83.6, 0, 1, 50),
	(12211, 20140604000000000, 11.0532, 0, 1, 50),
	(12092, 20140604000000000, 450, 0, 2, 0),
	(12093, 20140604000000000, 320, 0, 2, 0),
	(12094, 20140604000000000, 340, 0, 2, 0),
	(12095, 20140604000000000, 460, 0, 2, 0),
	(12096, 20140604000000000, 350, 0, 2, 0),
	(12097, 20140604000000000, 420, 0, 2, 0),
	(12098, 20140604000000000, 480, 0, 2, 0),
	(12099, 20140604000000000, 390, 0, 2, 0),
	(12100, 20140604000000000, 360, 0, 2, 0),
	(12101, 20140604000000000, 420, 0, 2, 0),
	(12102, 20140604000000000, 430, 0, 2, 0),
	(12103, 20140604000000000, 390, 0, 2, 0),
	(12104, 20140604000000000, 415, 0, 2, 0),
	(12105, 20140604000000000, 411, 0, 2, 0),
	(12106, 20140604000000000, 351, 0, 2, 0),
	(12107, 20140604000000000, 430, 0, 2, 0),
	(12108, 20140604000000000, 470, 0, 2, 0),
	(12109, 20140604000000000, 380, 0, 2, 0),
	(12038, 20140604000000000, 82.8995, 0, 2, 0),
	(12039, 20140604000000000, 15.0129, 0, 2, 0),
	(12145, 20140604000000000, 4.89583, 0, 2, 0),
	(12152, 20140604000000000, 70.4, 0, 2, 0),
	(12164, 20140604000000000, 3.18519, 0, 2, 0),
	(12165, 20140604000000000, 0.06944, 0, 2, 0),
	(12130, 20140604000000000, 3.29688, 0, 2, 0),
	(12203, 20140604000000000, 86.8, 0, 2, 0),
	(12138, 20140604000000000, 26.3, 0, 2, 0),
	(12166, 20140604000000000, 0.15451, 0, 2, 0),
	(12067, 20140604000000000, 83.6, 0, 2, 0),
	(12211, 20140604000000000, 11.0532, 0, 2, 20),
	(12092, 20140604000000000, 450, 0, 2, 10),
	(12093, 20140604000000000, 320, 0, 2, 10),
	(12094, 20140604000000000, 340, 0, 2, 10),
	(12095, 20140604000000000, 460, 0, 2, 10),
	(12096, 20140604000000000, 350, 0, 2, 10),
	(12097, 20140604000000000, 420, 0, 2, 10),
	(12098, 20140604000000000, 480, 0, 2, 10),
	(12099, 20140604000000000, 390, 0, 2, 10),
	(12100, 20140604000000000, 360, 0, 2, 10),
	(12101, 20140604000000000, 420, 0, 2, 10),
	(12102, 20140604000000000, 430, 0, 2, 10),
	(12103, 20140604000000000, 390, 0, 2, 10),
	(12104, 20140604000000000, 415, 0, 2, 10),
	(12105, 20140604000000000, 411, 0, 2, 10),
	(12106, 20140604000000000, 351, 0, 2, 10),
	(12107, 20140604000000000, 430, 0, 2, 10),
	(12108, 20140604000000000, 470, 0, 2, 10),
	(12109, 20140604000000000, 380, 0, 2, 10),
	(12038, 20140604000000000, 82.8995, 0, 2, 10),
	(12039, 20140604000000000, 15.0129, 0, 2, 10),
	(12145, 20140604000000000, 4.89583, 0, 2, 10),
	(12152, 20140604000000000, 70.4, 0, 2, 10),
	(12164, 20140604000000000, 3.18519, 0, 2, 10),
	(12165, 20140604000000000, 3.06944, 0, 2, 10),
	(12130, 20140604000000000, 3.29688, 0, 2, 10),
	(12203, 20140604000000000, 86.8, 0, 2, 10),
	(12138, 20140604000000000, 26.3, 0, 2, 10),
	(12166, 20140604000000000, 3.15451, 0, 2, 10),
	(12067, 20140604000000000, 183.6, 0, 2, 10),
	(12211, 20140604000000000, 11.0532, 0, 2, 10),
	(12092, 20140604000000000, 450, 0, 2, 20),
	(12093, 20140604000000000, 320, 0, 2, 20),
	(12094, 20140604000000000, 340, 0, 2, 20),
	(12095, 20140604000000000, 460, 0, 2, 20),
	(12096, 20140604000000000, 350, 0, 2, 20),
	(12097, 20140604000000000, 420, 0, 2, 20),
	(12098, 20140604000000000, 480, 0, 2, 20),
	(12099, 20140604000000000, 390, 0, 2, 20),
	(12100, 20140604000000000, 360, 0, 2, 20),
	(12101, 20140604000000000, 420, 0, 2, 20),
	(12102, 20140604000000000, 430, 0, 2, 20),
	(12103, 20140604000000000, 390, 0, 2, 20),
	(12104, 20140604000000000, 415, 0, 2, 20),
	(12105, 20140604000000000, 411, 0, 2, 20),
	(12106, 20140604000000000, 351, 0, 2, 20),
	(12107, 20140604000000000, 430, 0, 2, 20),
	(12108, 20140604000000000, 470, 0, 2, 20),
	(12109, 20140604000000000, 380, 0, 2, 20),
	(12038, 20140604000000000, 82.8995, 0, 2, 20),
	(12039, 20140604000000000, 25.0129, 0, 2, 20),
	(12145, 20140604000000000, 4.89583, 0, 2, 20),
	(12152, 20140604000000000, 70.4, 0, 2, 20),
	(12164, 20140604000000000, 3.18519, 0, 2, 20),
	(12165, 20140604000000000, 3.06944, 0, 2, 20),
	(12130, 20140604000000000, 3.29688, 0, 2, 20),
	(12203, 20140604000000000, 86.8, 0, 2, 20),
	(12138, 20140604000000000, 26.3, 0, 2, 20),
	(12166, 20140604000000000, 3.15451, 0, 2, 20),
	(12067, 20140604000000000, 183.6, 0, 2, 20),
	(12211, 20140604000000000, 11.0532, 0, 2, 20),
	(12092, 20140604000000000, 450, 0, 2, 30),
	(12093, 20140604000000000, 320, 0, 2, 30),
	(12094, 20140604000000000, 340, 0, 2, 30),
	(12095, 20140604000000000, 460, 0, 2, 30),
	(12096, 20140604000000000, 350, 0, 2, 30),
	(12097, 20140604000000000, 420, 0, 2, 30),
	(12098, 20140604000000000, 480, 0, 2, 30),
	(12099, 20140604000000000, 390, 0, 2, 30),
	(12100, 20140604000000000, 360, 0, 2, 30),
	(12101, 20140604000000000, 420, 0, 2, 30),
	(12102, 20140604000000000, 430, 0, 2, 30),
	(12103, 20140604000000000, 390, 0, 2, 30),
	(12104, 20140604000000000, 415, 0, 2, 30),
	(12105, 20140604000000000, 411, 0, 2, 30),
	(12106, 20140604000000000, 351, 0, 2, 30),
	(12107, 20140604000000000, 430, 0, 2, 30),
	(12108, 20140604000000000, 470, 0, 2, 30),
	(12109, 20140604000000000, 380, 0, 2, 30),
	(12038, 20140604000000000, 82.8995, 0, 2, 30),
	(12039, 20140604000000000, 15.0129, 0, 2, 30),
	(12145, 20140604000000000, 0.89583, 0, 2, 30),
	(12152, 20140604000000000, 70.4, 0, 2, 30),
	(12164, 20140604000000000, 3.18519, 0, 2, 30),
	(12165, 20140604000000000, 3.06944, 0, 2, 30),
	(12130, 20140604000000000, 3.29688, 0, 2, 30),
	(12203, 20140604000000000, 86.8, 0, 2, 30),
	(12138, 20140604000000000, 26.3, 0, 2, 30),
	(12166, 20140604000000000, 3.15451, 0, 2, 30),
	(12067, 20140604000000000, 183.6, 0, 2, 30),
	(12211, 20140604000000000, 11.0532, 0, 2, 30),
	(12092, 20140604000000000, 450, 0, 2, 40),
	(12093, 20140604000000000, 320, 0, 2, 40),
	(12094, 20140604000000000, 340, 0, 2, 40),
	(12095, 20140604000000000, 460, 0, 2, 40),
	(12096, 20140604000000000, 350, 0, 2, 40),
	(12097, 20140604000000000, 420, 0, 2, 40),
	(12098, 20140604000000000, 480, 0, 2, 40),
	(12099, 20140604000000000, 390, 0, 2, 40),
	(12100, 20140604000000000, 360, 0, 2, 40),
	(12101, 20140604000000000, 420, 0, 2, 40),
	(12102, 20140604000000000, 430, 0, 2, 40),
	(12103, 20140604000000000, 390, 0, 2, 40),
	(12104, 20140604000000000, 415, 0, 2, 40),
	(12105, 20140604000000000, 411, 0, 2, 40),
	(12106, 20140604000000000, 351, 0, 2, 40),
	(12107, 20140604000000000, 430, 0, 2, 40),
	(12108, 20140604000000000, 470, 0, 2, 40),
	(12109, 20140604000000000, 380, 0, 2, 40),
	(12038, 20140604000000000, 82.8995, 0, 2, 40),
	(12039, 20140604000000000, 15.0129, 0, 2, 40),
	(12145, 20140604000000000, 4.89583, 0, 2, 40),
	(12152, 20140604000000000, 70.4, 0, 2, 40),
	(12164, 20140604000000000, 3.18519, 0, 2, 40),
	(12165, 20140604000000000, 3.06944, 0, 2, 40),
	(12130, 20140604000000000, 3.29688, 0, 2, 40),
	(12203, 20140604000000000, 86.8, 0, 2, 40),
	(12138, 20140604000000000, 26.3, 0, 2, 40),
	(12166, 20140604000000000, 3.15451, 0, 2, 40),
	(12067, 20140604000000000, 83.6, 0, 2, 40),
	(12211, 20140604000000000, 11.0532, 0, 2, 40),
	(12092, 20140604000000000, 450, 0, 2, 50),
	(12093, 20140604000000000, 320, 0, 2, 50),
	(12094, 20140604000000000, 340, 0, 2, 50),
	(12095, 20140604000000000, 460, 0, 2, 50),
	(12096, 20140604000000000, 350, 0, 2, 50),
	(12097, 20140604000000000, 420, 0, 2, 50),
	(12098, 20140604000000000, 480, 0, 2, 50),
	(12099, 20140604000000000, 390, 0, 2, 50),
	(12100, 20140604000000000, 360, 0, 2, 50),
	(12101, 20140604000000000, 420, 0, 2, 50),
	(12102, 20140604000000000, 430, 0, 2, 50),
	(12103, 20140604000000000, 390, 0, 2, 50),
	(12104, 20140604000000000, 415, 0, 2, 50),
	(12105, 20140604000000000, 411, 0, 2, 50),
	(12106, 20140604000000000, 351, 0, 2, 50),
	(12107, 20140604000000000, 430, 0, 2, 50),
	(12108, 20140604000000000, 470, 0, 2, 50),
	(12109, 20140604000000000, 380, 0, 2, 50),
	(12038, 20140604000000000, 82.8995, 0, 2, 50),
	(12039, 20140604000000000, 15.0129, 0, 2, 50),
	(12145, 20140604000000000, 4.89583, 0, 2, 50),
	(12152, 20140604000000000, 70.4, 0, 2, 50),
	(12164, 20140604000000000, 3.18519, 0, 2, 50),
	(12165, 20140604000000000, 0.06944, 0, 2, 50),
	(12130, 20140604000000000, 3.29688, 0, 2, 50),
	(12203, 20140604000000000, 86.8, 0, 2, 50),
	(12138, 20140604000000000, 26.3, 0, 2, 50),
	(12166, 20140604000000000, 3.15451, 0, 2, 50),
	(12067, 20140604000000000, 83.6, 0, 2, 50),
	(12211, 20140604000000000, 11.0532, 0, 2, 50),
	(12092, 20140604000000000, 450, 0, 3, 0),
	(12093, 20140604000000000, 320, 0, 3, 0),
	(12094, 20140604000000000, 340, 0, 3, 0),
	(12095, 20140604000000000, 460, 0, 3, 0),
	(12096, 20140604000000000, 350, 0, 3, 0),
	(12097, 20140604000000000, 420, 0, 3, 0),
	(12098, 20140604000000000, 480, 0, 3, 0),
	(12099, 20140604000000000, 390, 0, 3, 0),
	(12100, 20140604000000000, 360, 0, 3, 0),
	(12101, 20140604000000000, 420, 0, 3, 0),
	(12102, 20140604000000000, 430, 0, 3, 0),
	(12103, 20140604000000000, 390, 0, 3, 0),
	(12104, 20140604000000000, 415, 0, 3, 0),
	(12105, 20140604000000000, 411, 0, 3, 0),
	(12106, 20140604000000000, 351, 0, 3, 0),
	(12107, 20140604000000000, 430, 0, 3, 0),
	(12108, 20140604000000000, 470, 0, 3, 0),
	(12109, 20140604000000000, 380, 0, 3, 0),
	(12038, 20140604000000000, 82.8995, 0, 3, 0),
	(12039, 20140604000000000, 15.0129, 0, 3, 0),
	(12145, 20140604000000000, 0.89583, 0, 3, 0),
	(12152, 20140604000000000, 70.4, 0, 3, 0),
	(12164, 20140604000000000, 3.18519, 0, 3, 0),
	(12165, 20140604000000000, 3.06944, 0, 3, 0),
	(12130, 20140604000000000, 3.29688, 0, 3, 0),
	(12203, 20140604000000000, 86.8, 0, 3, 0),
	(12138, 20140604000000000, 26.3, 0, 3, 0),
	(12166, 20140604000000000, 3.15451, 0, 3, 0),
	(12067, 20140604000000000, 83.6, 0, 3, 0),
	(12211, 20140604000000000, 11.0532, 0, 3, 0),
	(12092, 20140604000000000, 450, 0, 3, 10),
	(12093, 20140604000000000, 320, 0, 3, 10),
	(12094, 20140604000000000, 340, 0, 3, 10),
	(12095, 20140604000000000, 460, 0, 3, 10),
	(12096, 20140604000000000, 350, 0, 3, 10),
	(12097, 20140604000000000, 420, 0, 3, 10),
	(12098, 20140604000000000, 480, 0, 3, 10),
	(12099, 20140604000000000, 390, 0, 3, 10),
	(12100, 20140604000000000, 360, 0, 3, 10),
	(12101, 20140604000000000, 420, 0, 3, 10),
	(12102, 20140604000000000, 430, 0, 3, 10),
	(12103, 20140604000000000, 390, 0, 3, 10),
	(12104, 20140604000000000, 415, 0, 3, 10),
	(12105, 20140604000000000, 411, 0, 3, 10),
	(12106, 20140604000000000, 351, 0, 3, 10),
	(12107, 20140604000000000, 430, 0, 3, 10),
	(12108, 20140604000000000, 470, 0, 3, 10),
	(12109, 20140604000000000, 380, 0, 3, 10),
	(12038, 20140604000000000, 82.8995, 0, 3, 10),
	(12039, 20140604000000000, 15.0129, 0, 3, 10),
	(12145, 20140604000000000, 0.89583, 0, 3, 10),
	(12152, 20140604000000000, 70.4, 0, 3, 10),
	(12164, 20140604000000000, 3.18519, 0, 3, 10),
	(12165, 20140604000000000, 3.06944, 0, 3, 10),
	(12130, 20140604000000000, 3.29688, 0, 3, 10),
	(12203, 20140604000000000, 86.8, 0, 3, 10),
	(12138, 20140604000000000, 26.3, 0, 3, 10),
	(12166, 20140604000000000, 3.15451, 0, 3, 10),
	(12067, 20140604000000000, 83.6, 0, 3, 10),
	(12211, 20140604000000000, 0, 0, 3, 10),
	(12092, 20140604000000000, 450, 0, 3, 20),
	(12093, 20140604000000000, 320, 0, 3, 20),
	(12094, 20140604000000000, 340, 0, 3, 20),
	(12095, 20140604000000000, 460, 0, 3, 20),
	(12096, 20140604000000000, 350, 0, 3, 20),
	(12097, 20140604000000000, 420, 0, 3, 20),
	(12098, 20140604000000000, 480, 0, 3, 20),
	(12099, 20140604000000000, 390, 0, 3, 20),
	(12100, 20140604000000000, 360, 0, 3, 20),
	(12101, 20140604000000000, 420, 0, 3, 20),
	(12102, 20140604000000000, 430, 0, 3, 20),
	(12103, 20140604000000000, 390, 0, 3, 20),
	(12104, 20140604000000000, 415, 0, 3, 20),
	(12105, 20140604000000000, 411, 0, 3, 20),
	(12106, 20140604000000000, 351, 0, 3, 20),
	(12107, 20140604000000000, 430, 0, 3, 20),
	(12108, 20140604000000000, 470, 0, 3, 20),
	(12109, 20140604000000000, 380, 0, 3, 20),
	(12038, 20140604000000000, 82.8995, 0, 3, 20),
	(12039, 20140604000000000, 15.0129, 0, 3, 20),
	(12145, 20140604000000000, 4.89583, 0, 3, 20),
	(12152, 20140604000000000, 120.4, 0, 3, 20),
	(12164, 20140604000000000, 3.18519, 0, 3, 20),
	(12165, 20140604000000000, 3.06944, 0, 3, 20),
	(12130, 20140604000000000, 3.29688, 0, 3, 20),
	(12203, 20140604000000000, 86.8, 0, 3, 20),
	(12138, 20140604000000000, 26.3, 0, 3, 20),
	(12166, 20140604000000000, 3.15451, 0, 3, 20),
	(12067, 20140604000000000, 83.6, 0, 3, 20),
	(12211, 20140604000000000, 11.0532, 0, 3, 20),
	(12092, 20140604000000000, 450, 0, 3, 30),
	(12093, 20140604000000000, 320, 0, 3, 30),
	(12094, 20140604000000000, 340, 0, 3, 30),
	(12095, 20140604000000000, 460, 0, 3, 30),
	(12096, 20140604000000000, 350, 0, 3, 30),
	(12097, 20140604000000000, 420, 0, 3, 30),
	(12098, 20140604000000000, 480, 0, 3, 30),
	(12099, 20140604000000000, 390, 0, 3, 30),
	(12100, 20140604000000000, 360, 0, 3, 30),
	(12101, 20140604000000000, 420, 0, 3, 30),
	(12102, 20140604000000000, 430, 0, 3, 30),
	(12103, 20140604000000000, 390, 0, 3, 30),
	(12104, 20140604000000000, 415, 0, 3, 30),
	(12105, 20140604000000000, 411, 0, 3, 30),
	(12106, 20140604000000000, 351, 0, 3, 30),
	(12107, 20140604000000000, 430, 0, 3, 30),
	(12108, 20140604000000000, 470, 0, 3, 30),
	(12109, 20140604000000000, 380, 0, 3, 30),
	(12038, 20140604000000000, 82.8995, 0, 3, 30),
	(12039, 20140604000000000, 25.0129, 0, 3, 30),
	(12145, 20140604000000000, 4.89583, 0, 3, 30),
	(12152, 20140604000000000, 120.4, 0, 3, 30),
	(12164, 20140604000000000, 3.18519, 0, 3, 30),
	(12165, 20140604000000000, 3.06944, 0, 3, 30),
	(12130, 20140604000000000, 3.29688, 0, 3, 30),
	(12203, 20140604000000000, 86.8, 0, 3, 30),
	(12138, 20140604000000000, 26.3, 0, 3, 30),
	(12166, 20140604000000000, 3.15451, 0, 3, 30),
	(12067, 20140604000000000, 83.6, 0, 3, 30),
	(12211, 20140604000000000, 11.0532, 0, 3, 30),
	(12092, 20140604000000000, 450, 0, 3, 40),
	(12093, 20140604000000000, 320, 0, 3, 40),
	(12094, 20140604000000000, 340, 0, 3, 40),
	(12095, 20140604000000000, 460, 0, 3, 40),
	(12096, 20140604000000000, 350, 0, 3, 40),
	(12097, 20140604000000000, 420, 0, 3, 40),
	(12098, 20140604000000000, 480, 0, 3, 40),
	(12099, 20140604000000000, 390, 0, 3, 40),
	(12100, 20140604000000000, 360, 0, 3, 40),
	(12101, 20140604000000000, 420, 0, 3, 40),
	(12102, 20140604000000000, 430, 0, 3, 40),
	(12103, 20140604000000000, 390, 0, 3, 40),
	(12104, 20140604000000000, 415, 0, 3, 40),
	(12105, 20140604000000000, 411, 0, 3, 40),
	(12106, 20140604000000000, 351, 0, 3, 40),
	(12107, 20140604000000000, 430, 0, 3, 40),
	(12108, 20140604000000000, 470, 0, 3, 40),
	(12109, 20140604000000000, 380, 0, 3, 40),
	(12038, 20140604000000000, 82.8995, 0, 3, 40),
	(12039, 20140604000000000, 15.0129, 0, 3, 40),
	(12145, 20140604000000000, 4.89583, 0, 3, 40),
	(12152, 20140604000000000, 120.4, 0, 3, 40),
	(12164, 20140604000000000, 3.18519, 0, 3, 40),
	(12165, 20140604000000000, 3.06944, 0, 3, 40),
	(12130, 20140604000000000, 3.29688, 0, 3, 40),
	(12203, 20140604000000000, 86.8, 0, 3, 40),
	(12138, 20140604000000000, 26.3, 0, 3, 40),
	(12166, 20140604000000000, 3.15451, 0, 3, 40),
	(12067, 20140604000000000, 83.6, 0, 3, 40),
	(12211, 20140604000000000, 21.0532, 0, 3, 40);
/*!40000 ALTER TABLE `data_harian_dummy` ENABLE KEYS */;


-- Dumping structure for table monita3.data_jaman
CREATE TABLE IF NOT EXISTS `data_jaman` (
  `id_titik_ukur` int(11) DEFAULT NULL,
  `waktu` bigint(17) DEFAULT NULL,
  `data_tunggal` float DEFAULT NULL,
  `year` smallint(6) NOT NULL,
  `month` tinyint(4) NOT NULL,
  `date` tinyint(4) NOT NULL,
  `hour` tinyint(4) NOT NULL,
  `minute` tinyint(4) NOT NULL,
  `second` tinyint(4) NOT NULL,
  KEY `id_titik_ukur` (`id_titik_ukur`,`waktu`),
  KEY `year` (`year`),
  KEY `month` (`month`),
  KEY `date` (`date`),
  KEY `hour` (`hour`),
  KEY `minute` (`minute`),
  KEY `second` (`second`)
) ENGINE=MEMORY DEFAULT CHARSET=latin1;

-- Dumping data for table monita3.data_jaman: 0 rows
/*!40000 ALTER TABLE `data_jaman` DISABLE KEYS */;
/*!40000 ALTER TABLE `data_jaman` ENABLE KEYS */;


-- Dumping structure for table monita3.data_tunggal
CREATE TABLE IF NOT EXISTS `data_tunggal` (
  `id_data` int(11) NOT NULL AUTO_INCREMENT,
  `id_titik_ukur` int(11) DEFAULT NULL,
  `waktu` varchar(20) DEFAULT NULL,
  `id_waktu` int(10) unsigned NOT NULL,
  `data_tunggal` float DEFAULT NULL,
  `data_maks` float DEFAULT NULL,
  `data_min` float DEFAULT NULL,
  `year` smallint(6) NOT NULL,
  `month` tinyint(4) NOT NULL,
  `date` tinyint(4) NOT NULL,
  `hour` tinytext NOT NULL,
  `minute` tinyint(4) NOT NULL,
  `second` tinyint(4) NOT NULL,
  `milisecond` smallint(6) NOT NULL,
  PRIMARY KEY (`id_data`),
  KEY `year` (`year`),
  KEY `month` (`month`),
  KEY `date` (`date`),
  KEY `id_titik_ukur` (`id_titik_ukur`)
) ENGINE=InnoDB DEFAULT CHARSET=latin1;

-- Dumping data for table monita3.data_tunggal: ~0 rows (approximately)
/*!40000 ALTER TABLE `data_tunggal` DISABLE KEYS */;
/*!40000 ALTER TABLE `data_tunggal` ENABLE KEYS */;


-- Dumping structure for table monita3.departemen
CREATE TABLE IF NOT EXISTS `departemen` (
  `id_dep` int(11) NOT NULL AUTO_INCREMENT,
  `nama_dep` varchar(20) DEFAULT NULL,
  `id_pers` int(11) DEFAULT NULL,
  PRIMARY KEY (`id_dep`)
) ENGINE=InnoDB AUTO_INCREMENT=2 DEFAULT CHARSET=latin1;

-- Dumping data for table monita3.departemen: ~1 rows (approximately)
/*!40000 ALTER TABLE `departemen` DISABLE KEYS */;
INSERT INTO `departemen` (`id_dep`, `nama_dep`, `id_pers`) VALUES
	(1, 'JOWM Pesanggaran', 1);
/*!40000 ALTER TABLE `departemen` ENABLE KEYS */;


-- Dumping structure for table monita3.dynamic_range
CREATE TABLE IF NOT EXISTS `dynamic_range` (
  `titik_ukur` int(11) DEFAULT NULL,
  `presentase` int(11) DEFAULT NULL,
  `low` int(11) DEFAULT NULL,
  `low_low` int(11) DEFAULT NULL,
  `high` int(11) DEFAULT NULL,
  `high_high` int(11) DEFAULT NULL
) ENGINE=InnoDB DEFAULT CHARSET=latin1;

-- Dumping data for table monita3.dynamic_range: ~10 rows (approximately)
/*!40000 ALTER TABLE `dynamic_range` DISABLE KEYS */;
INSERT INTO `dynamic_range` (`titik_ukur`, `presentase`, `low`, `low_low`, `high`, `high_high`) VALUES
	(13528, 20, 320, 300, 400, 420),
	(13528, 40, 340, 320, 420, 440),
	(13528, 60, 340, 320, 420, 440),
	(13528, 80, 340, 320, 420, 440),
	(13528, 100, 360, 340, 440, 480),
	(13506, 25, 18, 18, 20, 20),
	(13506, 50, 18, 18, 20, 20),
	(13506, 75, 18, 19, 20, 20),
	(13506, 85, 18, 19, 20, 20),
	(13506, 110, 19, 19, 20, 21);
/*!40000 ALTER TABLE `dynamic_range` ENABLE KEYS */;


-- Dumping structure for table monita3.equipment
CREATE TABLE IF NOT EXISTS `equipment` (
  `id_equipment` int(11) NOT NULL AUTO_INCREMENT,
  `id_dept` int(11) DEFAULT NULL,
  `nama_equipment` varchar(40) DEFAULT NULL,
  `jenis_equipment` int(11) DEFAULT NULL,
  `ket_equipment` varchar(128) DEFAULT NULL,
  `kode_equipment` varchar(6) DEFAULT NULL,
  `tahun_pembuatan` int(6) DEFAULT NULL,
  `merek` varchar(50) DEFAULT NULL,
  `model` varchar(50) DEFAULT NULL,
  `kapasitas_terpasang` int(11) DEFAULT NULL,
  `kapasitas_normal_min` int(11) DEFAULT NULL,
  `kapasitas_normal_max` int(11) DEFAULT NULL,
  `key_parameter` varchar(50) DEFAULT NULL,
  `s.f.c.` varchar(50) DEFAULT NULL,
  PRIMARY KEY (`id_equipment`)
) ENGINE=InnoDB AUTO_INCREMENT=6 DEFAULT CHARSET=latin1;

-- Dumping data for table monita3.equipment: ~5 rows (approximately)
/*!40000 ALTER TABLE `equipment` DISABLE KEYS */;
INSERT INTO `equipment` (`id_equipment`, `id_dept`, `nama_equipment`, `jenis_equipment`, `ket_equipment`, `kode_equipment`, `tahun_pembuatan`, `merek`, `model`, `kapasitas_terpasang`, `kapasitas_normal_min`, `kapasitas_normal_max`, `key_parameter`, `s.f.c.`) VALUES
	(1, 1, 'MAN Unit #1', 10, '', 'MD1', NULL, NULL, NULL, NULL, NULL, NULL, NULL, NULL),
	(2, 1, 'MAN Unit #2', 10, '', 'MD2', NULL, NULL, NULL, NULL, NULL, NULL, NULL, NULL),
	(3, 1, 'MAN Unit #3', 10, '', 'MD3', NULL, NULL, NULL, NULL, NULL, NULL, NULL, NULL),
	(4, 1, 'Panel-150KV', 0, '', '', NULL, NULL, NULL, NULL, NULL, NULL, NULL, NULL),
	(5, 1, 'Panel Auxiliary', 0, '', '', NULL, NULL, NULL, NULL, NULL, NULL, NULL, NULL);
/*!40000 ALTER TABLE `equipment` ENABLE KEYS */;


-- Dumping structure for table monita3.group_titik_ukur
CREATE TABLE IF NOT EXISTS `group_titik_ukur` (
  `id_group` int(11) NOT NULL AUTO_INCREMENT,
  `id_dept` int(11) DEFAULT NULL,
  `id_persh` int(11) DEFAULT NULL,
  `id_equipment` int(11) DEFAULT NULL,
  `nama_group` varchar(20) DEFAULT NULL,
  `keterangan` varchar(100) DEFAULT NULL,
  `gambar` varchar(45) DEFAULT NULL,
  `jenis_group` smallint(5) unsigned DEFAULT NULL,
  PRIMARY KEY (`id_group`)
) ENGINE=InnoDB AUTO_INCREMENT=68 DEFAULT CHARSET=latin1;

-- Dumping data for table monita3.group_titik_ukur: ~49 rows (approximately)
/*!40000 ALTER TABLE `group_titik_ukur` DISABLE KEYS */;
INSERT INTO `group_titik_ukur` (`id_group`, `id_dept`, `id_persh`, `id_equipment`, `nama_group`, `keterangan`, `gambar`, `jenis_group`) VALUES
	(1, 1, 1, 1, 'MAN#1', '', NULL, NULL),
	(2, 1, 1, 2, 'MAN#2', '', NULL, NULL),
	(3, 1, 1, 3, 'MAN#3', '', NULL, NULL),
	(4, 1, 1, 4, 'PowerMetering', '', NULL, NULL),
	(5, 1, 1, 5, 'Panel - CCP', '', NULL, NULL),
	(6, 1, 1, 1, 'MAN#1 - Bearing', '', NULL, NULL),
	(7, 1, 1, 1, 'MAN#1 - Exhaust', '', NULL, NULL),
	(8, 1, 1, 1, 'MAN#1 - Compressor', '', NULL, NULL),
	(9, 1, 1, 1, 'MAN#1 - Charge Air', '', NULL, NULL),
	(10, 1, 1, 1, 'MAN#1 - Lube Oil', '', NULL, NULL),
	(11, 1, 1, 1, 'MAN#1 - Drive End', '', NULL, NULL),
	(12, 1, 1, 1, 'MAN#1 - Generator', '', NULL, NULL),
	(13, 1, 1, 1, 'MAN#1 - HTCW', '', NULL, NULL),
	(14, 1, 1, 1, 'MAN#1 - LTCW', '', NULL, NULL),
	(15, 1, 1, 1, 'MAN#1 - Nozzle', '', NULL, NULL),
	(16, 1, 1, 1, 'MAN#1 - Winding', '', NULL, NULL),
	(17, 1, 1, 1, 'MAN#1 - Turbo Charge', '', NULL, NULL),
	(18, 1, 1, 2, 'MAN#2 - Bearing', '', NULL, NULL),
	(19, 1, 1, 1, 'MAN#1 - Busbar', '', NULL, NULL),
	(20, 1, 1, 1, 'MAN#1 - Fuel', '', NULL, NULL),
	(21, 1, 1, 1, 'MAN#1 - Splash Oil', '', NULL, NULL),
	(22, 1, 1, 2, 'MAN#2 - Exhaust', '', NULL, NULL),
	(23, 1, 1, 2, 'MAN#2 - Compressor', '', NULL, NULL),
	(24, 1, 1, 2, 'MAN#2 - Charge Air', '', NULL, NULL),
	(25, 1, 1, 2, 'MAN#2 - Lube Oil', '', NULL, NULL),
	(26, 1, 1, 2, 'MAN#2 - Drive End', '', NULL, NULL),
	(27, 1, 1, 2, 'MAN#2 - HTCW', '', NULL, NULL),
	(28, 1, 1, 2, 'MAN#2 - LTCW', '', NULL, NULL),
	(29, 1, 1, 2, 'MAN#2 - Nozzle', '', NULL, NULL),
	(31, 1, 1, 2, 'MAN#2 - Turbo Charge', '', NULL, NULL),
	(32, 1, 1, 2, 'MAN#2 - Busbar', '', NULL, NULL),
	(33, 1, 1, 2, 'MAN#2 - Fuel', '', NULL, NULL),
	(50, 1, 1, 2, 'MAN#2 - Splash Oil', '', NULL, NULL),
	(51, 1, 1, 2, 'MAN#2 - Generator', '', NULL, NULL),
	(53, 1, 1, 3, 'MAN#3 - Bearing', '', NULL, NULL),
	(54, 1, 1, 3, 'MAN#3 - Exhaust', '', NULL, NULL),
	(55, 1, 1, 3, 'MAN#3 - Compressor', '', NULL, NULL),
	(56, 1, 1, 3, 'MAN#3 - Charge Air', '', NULL, NULL),
	(57, 1, 1, 3, 'MAN#3 - Lube Oil', '', NULL, NULL),
	(58, 1, 1, 3, 'MAN#3 - Drive End', '', NULL, NULL),
	(59, 1, 1, 3, 'MAN#3 - Generator', '', NULL, NULL),
	(60, 1, 1, 3, 'MAN#3 - HTCW', '', NULL, NULL),
	(61, 1, 1, 3, 'MAN#3 - LTCW', '', NULL, NULL),
	(62, 1, 1, 3, 'MAN#3 - Nozzle', '', NULL, NULL),
	(63, 1, 1, 3, 'MAN#3 - Winding', '', NULL, NULL),
	(64, 1, 1, 3, 'MAN#3 - Turbo Charge', '', NULL, NULL),
	(65, 1, 1, 3, 'MAN#3 - Busbar', '', NULL, NULL),
	(66, 1, 1, 3, 'MAN#3 - Fuel', '', NULL, NULL),
	(67, 1, 1, 3, 'MAN#3 - Splash Oil', '', NULL, NULL);
/*!40000 ALTER TABLE `group_titik_ukur` ENABLE KEYS */;


-- Dumping structure for table monita3.jowm
CREATE TABLE IF NOT EXISTS `jowm` (
  `id_data` bigint(20) NOT NULL AUTO_INCREMENT,
  `nama` varchar(40) DEFAULT NULL,
  `waktu` datetime DEFAULT NULL,
  `data` double DEFAULT NULL,
  PRIMARY KEY (`id_data`),
  KEY `id_data` (`id_data`,`waktu`)
) ENGINE=MEMORY DEFAULT CHARSET=latin1 COMMENT='tabel row dari scada';

-- Dumping data for table monita3.jowm: 0 rows
/*!40000 ALTER TABLE `jowm` DISABLE KEYS */;
/*!40000 ALTER TABLE `jowm` ENABLE KEYS */;


-- Dumping structure for table monita3.knowledge_equipment
CREATE TABLE IF NOT EXISTS `knowledge_equipment` (
  `id` int(11) unsigned NOT NULL AUTO_INCREMENT,
  `nama` varchar(50) NOT NULL DEFAULT '0',
  PRIMARY KEY (`id`)
) ENGINE=InnoDB DEFAULT CHARSET=latin1;

-- Dumping data for table monita3.knowledge_equipment: ~0 rows (approximately)
/*!40000 ALTER TABLE `knowledge_equipment` DISABLE KEYS */;
/*!40000 ALTER TABLE `knowledge_equipment` ENABLE KEYS */;


-- Dumping structure for table monita3.knowledge_indikasi
CREATE TABLE IF NOT EXISTS `knowledge_indikasi` (
  `id` int(11) unsigned NOT NULL AUTO_INCREMENT,
  `id_knowledge_sensorgroup` int(11) NOT NULL,
  `indikasi` text NOT NULL,
  PRIMARY KEY (`id`),
  KEY `FK_knowledge_indikasi_knowledge_sensorgroup` (`id_knowledge_sensorgroup`),
  CONSTRAINT `FK_knowledge_indikasi_knowledge_sensorgroup` FOREIGN KEY (`id_knowledge_sensorgroup`) REFERENCES `knowledge_sensorgroup` (`id`)
) ENGINE=InnoDB DEFAULT CHARSET=latin1;

-- Dumping data for table monita3.knowledge_indikasi: ~0 rows (approximately)
/*!40000 ALTER TABLE `knowledge_indikasi` DISABLE KEYS */;
/*!40000 ALTER TABLE `knowledge_indikasi` ENABLE KEYS */;


-- Dumping structure for table monita3.knowledge_rekomendasi
CREATE TABLE IF NOT EXISTS `knowledge_rekomendasi` (
  `id` int(11) unsigned NOT NULL AUTO_INCREMENT,
  `id_indikasi` int(11) unsigned NOT NULL,
  `isi_rekomendasi` text NOT NULL,
  PRIMARY KEY (`id`),
  KEY `FK_knowledge_rekomendasi_knowledge_indikasi` (`id_indikasi`),
  CONSTRAINT `FK_knowledge_rekomendasi_knowledge_indikasi` FOREIGN KEY (`id_indikasi`) REFERENCES `knowledge_indikasi` (`id`)
) ENGINE=InnoDB DEFAULT CHARSET=latin1;

-- Dumping data for table monita3.knowledge_rekomendasi: ~0 rows (approximately)
/*!40000 ALTER TABLE `knowledge_rekomendasi` DISABLE KEYS */;
/*!40000 ALTER TABLE `knowledge_rekomendasi` ENABLE KEYS */;


-- Dumping structure for table monita3.knowledge_sensor
CREATE TABLE IF NOT EXISTS `knowledge_sensor` (
  `id` int(11) unsigned NOT NULL AUTO_INCREMENT,
  `id_titik_ukur` int(11) NOT NULL DEFAULT '0',
  `id_knowledge_sensorgroup` int(11) NOT NULL,
  `nama` varchar(50) NOT NULL DEFAULT '0',
  PRIMARY KEY (`id`),
  KEY `FK_knowledge_sensor_titik_ukur` (`id_titik_ukur`),
  KEY `FK_knowledge_sensor_knowledge_sensorgroup` (`id_knowledge_sensorgroup`),
  CONSTRAINT `FK_knowledge_sensor_knowledge_sensorgroup` FOREIGN KEY (`id_knowledge_sensorgroup`) REFERENCES `knowledge_sensorgroup` (`id`),
  CONSTRAINT `FK_knowledge_sensor_titik_ukur` FOREIGN KEY (`id_titik_ukur`) REFERENCES `titik_ukur` (`id_titik`)
) ENGINE=InnoDB DEFAULT CHARSET=latin1;

-- Dumping data for table monita3.knowledge_sensor: ~0 rows (approximately)
/*!40000 ALTER TABLE `knowledge_sensor` DISABLE KEYS */;
/*!40000 ALTER TABLE `knowledge_sensor` ENABLE KEYS */;


-- Dumping structure for table monita3.knowledge_sensorgroup
CREATE TABLE IF NOT EXISTS `knowledge_sensorgroup` (
  `id` int(11) NOT NULL AUTO_INCREMENT,
  `id_knowledge_equipment` int(11) unsigned NOT NULL DEFAULT '0',
  `nama` varchar(50) NOT NULL DEFAULT '0',
  `high` int(11) NOT NULL DEFAULT '0',
  `low` int(11) NOT NULL DEFAULT '0',
  PRIMARY KEY (`id`),
  KEY `FK_knowledge_sensorgroup_knowledge_equipment` (`id_knowledge_equipment`),
  CONSTRAINT `FK_knowledge_sensorgroup_knowledge_equipment` FOREIGN KEY (`id_knowledge_equipment`) REFERENCES `knowledge_equipment` (`id`)
) ENGINE=InnoDB DEFAULT CHARSET=latin1;

-- Dumping data for table monita3.knowledge_sensorgroup: ~0 rows (approximately)
/*!40000 ALTER TABLE `knowledge_sensorgroup` DISABLE KEYS */;
/*!40000 ALTER TABLE `knowledge_sensorgroup` ENABLE KEYS */;


-- Dumping structure for table monita3.maintenance_log
CREATE TABLE IF NOT EXISTS `maintenance_log` (
  `tanggal` timestamp NULL DEFAULT NULL,
  `kegiatan` varchar(50) DEFAULT NULL,
  `id_equipment` int(11) DEFAULT NULL,
  `id_titik_ukur` int(11) DEFAULT NULL,
  `id_part` int(11) DEFAULT NULL
) ENGINE=InnoDB DEFAULT CHARSET=latin1;

-- Dumping data for table monita3.maintenance_log: ~0 rows (approximately)
/*!40000 ALTER TABLE `maintenance_log` DISABLE KEYS */;
/*!40000 ALTER TABLE `maintenance_log` ENABLE KEYS */;


-- Dumping structure for table monita3.part_equipment
CREATE TABLE IF NOT EXISTS `part_equipment` (
  `id_part` int(11) DEFAULT NULL
) ENGINE=InnoDB DEFAULT CHARSET=latin1;

-- Dumping data for table monita3.part_equipment: ~0 rows (approximately)
/*!40000 ALTER TABLE `part_equipment` DISABLE KEYS */;
/*!40000 ALTER TABLE `part_equipment` ENABLE KEYS */;


-- Dumping structure for table monita3.perusahaan
CREATE TABLE IF NOT EXISTS `perusahaan` (
  `id_pers` int(11) NOT NULL AUTO_INCREMENT,
  `nama_pers` varchar(30) DEFAULT NULL,
  `alamat` varchar(100) DEFAULT NULL,
  `note` varchar(100) DEFAULT NULL,
  `gambar` blob,
  PRIMARY KEY (`id_pers`) USING BTREE
) ENGINE=InnoDB AUTO_INCREMENT=2 DEFAULT CHARSET=latin1;

-- Dumping data for table monita3.perusahaan: ~1 rows (approximately)
/*!40000 ALTER TABLE `perusahaan` DISABLE KEYS */;
INSERT INTO `perusahaan` (`id_pers`, `nama_pers`, `alamat`, `note`, `gambar`) VALUES
	(1, 'PT Wijaya Karya', 'Jl Bypass Ngurah Rai no 535 Pesanggaran', '', _binary '');
/*!40000 ALTER TABLE `perusahaan` ENABLE KEYS */;


-- Dumping structure for table monita3.relasi
CREATE TABLE IF NOT EXISTS `relasi` (
  `id_relasi` int(11) DEFAULT NULL,
  `tipe_relasi` varchar(50) DEFAULT NULL,
  `range_min` int(11) DEFAULT NULL,
  `range_max` int(11) DEFAULT NULL
) ENGINE=InnoDB DEFAULT CHARSET=latin1;

-- Dumping data for table monita3.relasi: ~1 rows (approximately)
/*!40000 ALTER TABLE `relasi` DISABLE KEYS */;
INSERT INTO `relasi` (`id_relasi`, `tipe_relasi`, `range_min`, `range_max`) VALUES
	(13582, 'threshold', 0, 2);
/*!40000 ALTER TABLE `relasi` ENABLE KEYS */;


-- Dumping structure for table monita3.relasi_titik_ukur
CREATE TABLE IF NOT EXISTS `relasi_titik_ukur` (
  `id_titik_ukur1` int(11) DEFAULT NULL,
  `id_titik_ukur2` int(11) DEFAULT NULL,
  `id_relasi` int(11) DEFAULT NULL
) ENGINE=InnoDB DEFAULT CHARSET=latin1;

-- Dumping data for table monita3.relasi_titik_ukur: ~0 rows (approximately)
/*!40000 ALTER TABLE `relasi_titik_ukur` DISABLE KEYS */;
/*!40000 ALTER TABLE `relasi_titik_ukur` ENABLE KEYS */;


-- Dumping structure for table monita3.tipe_data
CREATE TABLE IF NOT EXISTS `tipe_data` (
  `id_tipe` tinyint(3) unsigned NOT NULL AUTO_INCREMENT,
  `nama_tipe` varchar(50) NOT NULL,
  `kode` varchar(6) DEFAULT NULL,
  `satuan` varchar(10) DEFAULT NULL,
  `keterangan` varchar(100) DEFAULT NULL,
  PRIMARY KEY (`id_tipe`),
  UNIQUE KEY `nama_tipe` (`nama_tipe`)
) ENGINE=InnoDB DEFAULT CHARSET=latin1;

-- Dumping data for table monita3.tipe_data: ~0 rows (approximately)
/*!40000 ALTER TABLE `tipe_data` DISABLE KEYS */;
/*!40000 ALTER TABLE `tipe_data` ENABLE KEYS */;


-- Dumping structure for table monita3.titik_ukur
CREATE TABLE IF NOT EXISTS `titik_ukur` (
  `id_titik` int(11) NOT NULL AUTO_INCREMENT,
  `id_group_titik_ukur` int(11) DEFAULT NULL,
  `id_equipment` int(11) DEFAULT NULL,
  `id_titik_global` int(11) DEFAULT NULL,
  `kode_titik` varchar(10) DEFAULT NULL,
  `nama_titik` varchar(64) DEFAULT NULL,
  `serial_no` int(11) NOT NULL,
  `no_port` int(11) DEFAULT NULL,
  `no_kanal` int(11) DEFAULT NULL,
  `status` char(20) DEFAULT NULL,
  `tipe_sensor` int(11) DEFAULT NULL,
  `tipe_sinyal` int(11) DEFAULT NULL,
  `tipe_data` int(11) DEFAULT NULL,
  `satuan` varchar(20) DEFAULT NULL,
  `fasa` float DEFAULT NULL,
  `mask` smallint(6) NOT NULL,
  `range_min` float DEFAULT '0',
  `range_max` float DEFAULT '9999',
  `alarm_low1` float DEFAULT '0',
  `alarm_low2` float DEFAULT '0',
  `alarm_high1` float DEFAULT '9999',
  `alarm_high2` float DEFAULT '9999',
  `keterangan` varchar(20) DEFAULT NULL,
  `sumber_data` int(10) unsigned DEFAULT NULL,
  `id_titik_komb1` int(11) DEFAULT '0',
  `id_titik_komb2` int(11) DEFAULT '0',
  `operasi` varchar(5) DEFAULT '0',
  `alarm_setting` int(11) NOT NULL DEFAULT '0',
  `kalibrasi_a` double NOT NULL DEFAULT '1',
  `kalibrasi_b` double NOT NULL DEFAULT '0',
  `dynamic_range_enabled` int(11) NOT NULL DEFAULT '0',
  `id_relasi` int(11) NOT NULL DEFAULT '0',
  PRIMARY KEY (`id_titik`)
) ENGINE=InnoDB AUTO_INCREMENT=12804 DEFAULT CHARSET=latin1;

-- Dumping data for table monita3.titik_ukur: ~603 rows (approximately)
/*!40000 ALTER TABLE `titik_ukur` DISABLE KEYS */;
INSERT INTO `titik_ukur` (`id_titik`, `id_group_titik_ukur`, `id_equipment`, `id_titik_global`, `kode_titik`, `nama_titik`, `serial_no`, `no_port`, `no_kanal`, `status`, `tipe_sensor`, `tipe_sinyal`, `tipe_data`, `satuan`, `fasa`, `mask`, `range_min`, `range_max`, `alarm_low1`, `alarm_low2`, `alarm_high1`, `alarm_high2`, `keterangan`, `sumber_data`, `id_titik_komb1`, `id_titik_komb2`, `operasi`, `alarm_setting`, `kalibrasi_a`, `kalibrasi_b`, `dynamic_range_enabled`, `id_relasi`) VALUES
	(12001, 5, 5, 0, 'freq', '+MV Busbar frequency (from converter)', 0, 0, 0, '', 0, 0, 0, 'Hz', 0, 0, 0, 53, 49, 48, 51, 52, '', 0, 0, 0, '0', 0, 1, 0, 0, 0),
	(12002, 5, 5, 0, '', '+MV Busbar voltage L1-L2', 0, 0, 0, '', 0, 0, 0, 'kV', 0, 0, 0, 21, 17, 19, 20.8, 21, '', 0, 0, 0, '0', 0, 1, 0, 0, 0),
	(12003, 5, 5, 0, '', '+MV Busbar voltage L2-L3', 0, 0, 0, '', 0, 0, 0, 'kV', 0, 0, 0, 21, 17, 19, 20.5, 21, '', 0, 0, 0, '0', 0, 1, 0, 0, 0),
	(12004, 5, 5, 0, '', '+MV Busbar voltage L3-L1', 0, 0, 0, '', 0, 0, 0, 'kV', 0, 0, 0, 21, 17, 19, 20.5, 21, '', 0, 0, 0, '0', 0, 1, 0, 0, 0),
	(12005, 5, 5, 0, '', 'Existing plant +MV voltage L1-L2', 0, 0, 0, '', 0, 0, 0, 'kV', 0, 0, 0, 0, 0, 0, 90, 100, '', 0, 0, 0, '0', 0, 1, 0, 0, 0),
	(12006, 5, 5, 0, '', 'Existing plant +MV voltage L2-L3', 0, 0, 0, '', 0, 0, 0, 'kV', 0, 0, 0, 0, 0, 0, 90, 100, '', 0, 0, 0, '0', 0, 1, 0, 0, 0),
	(12007, 5, 5, 0, '', 'Existing plant +MV voltage L3-L1', 0, 0, 0, '', 0, 0, 0, 'kV', 0, 0, 0, 0, 0, 0, 90, 100, '', 0, 0, 0, '0', 0, 1, 0, 0, 0),
	(12008, 5, 5, 0, '', 'Level fuel leak tank', 0, 0, 0, '', 0, 0, 0, '%', 0, 0, 5, 100, 20, 40, 90, 95, '', 0, 0, 0, '0', 0, 1, 0, 0, 0),
	(12009, 5, 5, 0, '', 'Level LFO day tank 00END53BB010', 0, 0, 0, '', 0, 0, 0, '%', 0, 0, 10, 100, 30, 48, 90, 95, '', 0, 0, 0, '0', 0, 1, 0, 0, 0),
	(12010, 5, 5, 0, '', 'Level LO mainten. tank 00MJV23BB030', 0, 0, 0, '', 0, 0, 0, '%', 0, 0, 10, 100, 35, 47, 90, 95, '', 0, 0, 0, '0', 0, 1, 0, 0, 0),
	(12011, 5, 5, 0, '', 'Level LO storage tank 00MJV23BB010', 0, 0, 0, '', 0, 0, 0, '%', 0, 0, 5, 100, 15, 39, 90, 95, '', 0, 0, 0, '0', 0, 1, 0, 0, 0),
	(12012, 5, 5, 0, '', 'Level MFO day tank 00END55BB040', 0, 0, 0, '', 0, 0, 0, '%', 0, 0, 6, 100, 20, 42, 90, 95, '', 0, 0, 0, '0', 0, 1, 0, 0, 0),
	(12013, 5, 5, 0, '', 'Level MFO settling tank 1 00END55BB030', 0, 0, 0, '', 0, 0, 0, '%', 0, 0, 0, 100, 10, 25, 90, 95, '', 0, 0, 0, '0', 0, 1, 0, 0, 0),
	(12014, 5, 5, 0, '', 'Level MFO settling tank 2 00END55BB031', 0, 0, 0, '', 0, 0, 0, '%', 0, 0, 0, 100, 10, 25, 90, 95, '', 0, 0, 0, '0', 0, 1, 0, 0, 0),
	(12015, 5, 5, 0, '', 'Level MFO storage tank 00END55BB032', 0, 0, 0, '', 0, 0, 0, '%', 0, 0, 0, 100, 15, 35, 90, 95, '', 0, 0, 0, '0', 0, 1, 0, 0, 0),
	(12016, 5, 5, 0, '', 'Level sludge oil tank', 0, 0, 0, '', 0, 0, 0, '%', 0, 0, 0, 100, 20, 42, 90, 95, '', 0, 0, 0, '0', 0, 1, 0, 0, 0),
	(12017, 5, 5, 0, '', 'Panel temperature', 0, 0, 0, '', 0, 0, 0, 'C', 0, 0, 0, 100, 0, 0, 50, 60, '', 0, 0, 0, '0', 0, 1, 0, 0, 0),
	(12018, 5, 5, 0, '', 'Pressure diesel oil ring line', 0, 0, 0, '', 0, 0, 0, 'bar', 0, 0, 0, 0, 0, 0, 90, 100, '', 0, 0, 0, '0', 0, 1, 0, 0, 0),
	(12019, 5, 5, 0, '', 'Pressure transmitter MFO ring line', 0, 0, 0, '', 0, 0, 0, 'bar', 0, 0, 0, 0, 0, 0, 90, 100, '', 0, 0, 0, '0', 0, 1, 0, 0, 0),
	(12020, 5, 5, 0, 'kwh', 'Produced total active power over step-up transformer', 0, 0, 0, '', 0, 0, 0, 'bar', 0, 0, 0, 100, 0, 0, 90, 100, '', 0, 0, 0, '0', 0, 1, 0, 0, 0),
	(12021, 5, 5, 0, 'kvarh', 'Produced total reactive power over step-up transformer', 0, 0, 0, '', 0, 0, 0, 'bar', 0, 0, 0, 100, 0, 0, 90, 100, '', 0, 0, 0, '0', 0, 1, 0, 0, 0),
	(12022, 5, 5, 0, '', 'Step-up transformer +MV active power', 0, 0, 0, '', 0, 0, 0, 'MW', 0, 0, 0, 100, 20, 20, 55, 60, '', 0, 0, 0, '0', 0, 1, 0, 0, 0),
	(12023, 5, 5, 0, '', 'Step-up transformer +MV current phase L1', 0, 0, 0, '', 0, 0, 0, 'A', 0, 0, 0, 2000, 0, 1000, 1800, 1900, '', 0, 0, 0, '0', 0, 1, 0, 0, 0),
	(12024, 5, 5, 0, '', 'Step-up transformer +MV current phase L2', 0, 0, 0, '', 0, 0, 0, 'A', 0, 0, 0, 2000, 0, 1000, 1800, 1900, '', 0, 0, 0, '0', 0, 1, 0, 0, 0),
	(12025, 5, 5, 0, '', 'Step-up transformer +MV current phase L3', 0, 0, 0, '', 0, 0, 0, 'A', 0, 0, 0, 2000, 0, 1000, 1800, 1900, '', 0, 0, 0, '0', 0, 1, 0, 0, 0),
	(12026, 5, 5, 0, 'freq', 'Step-up transformer +MV frequency', 0, 0, 0, '', 0, 0, 0, 'Hz', 0, 0, 0, 53, 49, 48, 51, 52, '', 0, 0, 0, '0', 0, 1, 0, 0, 0),
	(12027, 5, 5, 0, '', 'Step-up transformer +MV reactive power', 0, 0, 0, '', 0, 0, 0, 'MW', 0, 0, 0, 100, 0, 0, 90, 100, '', 0, 0, 0, '0', 0, 1, 0, 0, 0),
	(12028, 5, 5, 0, '', 'Step-up transformer +MV volatge L1-L2', 0, 0, 0, '', 0, 0, 0, 'V', 0, 0, 0, 0, 0, 0, 90, 100, '', 0, 0, 0, '0', 0, 1, 0, 0, 0),
	(12029, 5, 5, 0, '', 'Step-up transformer +MV volatge L2-L3', 0, 0, 0, '', 0, 0, 0, 'V', 0, 0, 0, 0, 0, 0, 90, 100, '', 0, 0, 0, '0', 0, 1, 0, 0, 0),
	(12030, 5, 5, 0, '', 'Step-up transformer +MV volatge L3-L1', 0, 0, 0, '', 0, 0, 0, 'V', 0, 0, 0, 0, 0, 0, 90, 100, '', 0, 0, 0, '0', 0, 1, 0, 0, 0),
	(12031, 5, 5, 0, 'PF', 'Step-up transformer power factor', 0, 0, 0, '', 0, 0, 0, '-', 0, 0, 0, 1, 0.8, 0.9, 1, 1, '', 0, 0, 0, '0', 0, 1, 0, 0, 0),
	(12032, 5, 5, 0, '', 'Temp. MFO settling tank 1 00END55BB030', 0, 0, 0, '', 0, 0, 0, 'C', 0, 0, 0, 100, 60, 0, 65, 100, '', 0, 0, 0, '0', 0, 1, 0, 0, 0),
	(12033, 5, 5, 0, '', 'Temp. MFO settling tank 2 00END55BB031', 0, 0, 0, '', 0, 0, 0, 'C', 0, 0, 0, 100, 60, 0, 65, 100, '', 0, 0, 0, '0', 0, 1, 0, 0, 0),
	(12034, 5, 5, 0, '', 'Temp. MFO storage tank 00END55BB032', 0, 0, 0, '', 0, 0, 0, 'C', 0, 0, 0, 0, 0, 0, 90, 100, '', 0, 0, 0, '0', 0, 1, 0, 0, 0),
	(12035, 5, 5, 0, '', 'Temperature fuel oil leak tank', 0, 0, 0, '', 0, 0, 0, 'C', 0, 0, 90, 150, 120, 100, 130, 135, '', 0, 0, 0, '0', 0, 1, 0, 0, 0),
	(12036, 5, 5, 0, '', 'Temperature MFO day tank 00END55BB040', 0, 0, 0, '', 0, 0, 0, 'C', 0, 0, 0, 0, 0, 0, 90, 100, '', 0, 0, 0, '0', 0, 1, 0, 0, 0),
	(12037, 5, 5, 0, '', 'Temperature MFO ring line', 0, 0, 0, '', 0, 0, 0, 'C', 0, 0, 10, 60, 20, 30, 40, 50, '', 0, 0, 0, '0', 0, 1, 0, 0, 0),
	(12038, 12, 1, 0, 'kw_p', 'Active generator power in %', 0, 0, 0, '', 0, 0, 0, '%', 0, 0, 0, 100, 20, 10, 97, 99, '', 0, 0, 0, '0', 0, 1, 0, 0, 13506),
	(12039, 12, 1, 0, 'kw', 'Active generator power in MW', 0, 0, 0, '', 0, 0, 0, 'MW', 0, 0, 0, 20, 6, 5, 19, 20, '', 0, 0, 0, '0', 0, 1, 0, 0, 13506),
	(12040, 1, 1, 0, '', 'Actual load setpoint for gen.-set in MW', 0, 0, 0, '', 0, 0, 0, 'MW', 0, 0, 0, 0, 0, 0, 90, 100, '', 0, 0, 0, '0', 0, 1, 0, 0, 0),
	(12041, 1, 1, 0, '', 'Actual permitted electrical gen.-set load in %', 0, 0, 0, '', 0, 0, 0, '%', 0, 0, 0, 0, 0, 0, 90, 100, '', 0, 0, 0, '0', 0, 1, 0, 0, 0),
	(12042, 12, 1, 0, '', 'Apparent generator power', 0, 0, 0, '', 0, 0, 0, 'VA', 0, 0, 0, 0, 0, 0, 90, 100, '', 0, 0, 0, '0', 0, 1, 0, 0, 0),
	(12043, 19, 1, 0, '', 'Busbar voltage L1-L2 (Blocktrafo lower side)', 0, 0, 0, '', 0, 0, 0, 'kV', 0, 0, 0, 12, 0, 10.5, 11.8, 0, '', 0, 0, 0, '0', 0, 1, 0, 0, 0),
	(12044, 19, 1, 0, '', 'Busbar voltage L1-L2 (Blocktrafo upper side)', 0, 0, 0, '', 0, 0, 0, 'kV', 0, 0, 0, 0, 0, 0, 90, 100, '', 0, 0, 0, '0', 0, 1, 0, 0, 0),
	(12045, 19, 1, 0, '', 'Busbar voltage L2-L3 (Blocktrafo lower side)', 0, 0, 0, '', 0, 0, 0, 'kV', 0, 0, 0, 12, 0, 10.5, 11.5, 0, '', 0, 0, 0, '0', 0, 1, 0, 0, 0),
	(12046, 19, 1, 0, '', 'Busbar voltage L2-L3 (Blocktrafo upper side)', 0, 0, 0, '', 0, 0, 0, 'kV', 0, 0, 0, 0, 0, 0, 90, 100, '', 0, 0, 0, '0', 0, 1, 0, 0, 0),
	(12047, 19, 1, 0, '', 'Busbar voltage L3-L1 (Blocktrafo lower side)', 0, 0, 0, '', 0, 0, 0, 'kV', 0, 0, 0, 12, 0, 10.5, 11.5, 0, '', 0, 0, 0, '0', 0, 1, 0, 0, 0),
	(12048, 19, 1, 0, '', 'Busbar voltage L3-L1 (Blocktrafo upper side)', 0, 0, 0, '', 0, 0, 0, 'kV', 0, 0, 0, 0, 0, 0, 90, 100, '', 0, 0, 0, '0', 0, 1, 0, 0, 0),
	(12049, 1, 1, 0, '', 'CHATCO regulation actual controller output', 0, 0, 0, '', 0, 0, 0, '', 0, 0, 0, 0, 0, 0, 90, 100, '', 0, 0, 0, '0', 0, 1, 0, 0, 0),
	(12050, 1, 1, 0, '', 'CHATCO regulation actual nominal value', 0, 0, 0, '', 0, 0, 0, '', 0, 0, 0, 0, 0, 0, 90, 100, '', 0, 0, 0, '0', 0, 1, 0, 0, 0),
	(12051, 8, 1, 0, 'cna_p', 'Control air pressure', 0, 0, 0, '', 0, 0, 0, 'bar', 0, 0, 0, 12, 5.5, 4.5, 7.5, 10, '', 0, 0, 0, '0', 0, 1, 0, 0, 0),
	(12052, 1, 1, 0, '', 'Differ. pres. transm. xxMJQ61AT010', 0, 0, 0, '', 0, 0, 0, '', 0, 0, 0, 0, 0, 0, 90, 100, '', 0, 0, 0, '0', 0, 1, 0, 0, 0),
	(12053, 1, 1, 0, '', 'EAP-JB cabinet temperature', 0, 0, 0, '', 0, 0, 0, 'C', 0, 0, 0, 0, 0, 0, 90, 100, '', 0, 0, 0, '0', 0, 1, 0, 0, 0),
	(12054, 1, 1, 0, '', 'ECP cabinet temperature', 0, 0, 0, '', 0, 0, 0, 'C', 0, 0, 0, 0, 0, 0, 90, 100, '', 0, 0, 0, '0', 0, 1, 0, 0, 0),
	(12055, 1, 1, 0, '', 'EM300 actuator position', 0, 0, 0, '', 0, 0, 0, '-', 0, 0, 0, 0, 0, 0, 90, 100, '', 0, 0, 0, '0', 0, 1, 0, 0, 0),
	(12056, 8, 1, 0, '', 'Emergency air pressure', 0, 0, 0, '', 0, 0, 0, 'bar', 0, 0, 0, 4.5, 2.5, 2, 3.2, 4, '', 0, 0, 0, '0', 0, 1, 0, 0, 0),
	(12057, 1, 1, 0, '', 'Engine ambient temperature', 0, 0, 0, '', 0, 0, 0, 'C', 0, 0, 0, 100, 15, 15, 40, 45, '', 0, 0, 0, '0', 0, 1, 0, 0, 0),
	(12058, 6, 1, 0, '', 'Engine main bearing temp. I', 0, 0, 0, '', 0, 0, 0, 'C', 0, 0, 0, 0, 0, 0, 90, 100, '', 0, 0, 0, '0', 0, 1, 0, 0, 0),
	(12059, 6, 1, 0, '', 'Engine main bearing temp. II', 0, 0, 0, '', 0, 0, 0, 'C', 0, 0, 0, 0, 0, 0, 90, 100, '', 0, 0, 0, '0', 0, 1, 0, 0, 0),
	(12060, 6, 1, 0, '', 'Engine main bearing temp. III', 0, 0, 0, '', 0, 0, 0, 'C', 0, 0, 0, 0, 0, 0, 90, 100, '', 0, 0, 0, '0', 0, 1, 0, 0, 0),
	(12061, 6, 1, 0, '', 'Engine main bearing temp. IV', 0, 0, 0, '', 0, 0, 0, 'C', 0, 0, 0, 0, 0, 0, 90, 100, '', 0, 0, 0, '0', 0, 1, 0, 0, 0),
	(12062, 6, 1, 0, '', 'Engine main bearing temp. IX', 0, 0, 0, '', 0, 0, 0, 'C', 0, 0, 0, 0, 0, 0, 90, 100, '', 0, 0, 0, '0', 0, 1, 0, 0, 0),
	(12063, 6, 1, 0, '', 'Engine main bearing temp. OI', 0, 0, 0, '', 0, 0, 0, 'C', 0, 0, 0, 0, 0, 0, 90, 100, '', 0, 0, 0, '0', 0, 1, 0, 0, 0),
	(12064, 6, 1, 0, '', 'Engine main bearing temp. V', 0, 0, 0, '', 0, 0, 0, 'C', 0, 0, 0, 0, 0, 0, 90, 100, '', 0, 0, 0, '0', 0, 1, 0, 0, 0),
	(12065, 6, 1, 0, '', 'Engine main bearing temp. VI', 0, 0, 0, '', 0, 0, 0, 'C', 0, 0, 0, 0, 0, 0, 90, 100, '', 0, 0, 0, '0', 0, 1, 0, 0, 0),
	(12066, 6, 1, 0, '', 'Engine main bearing temp. VII', 0, 0, 0, '', 0, 0, 0, 'C', 0, 0, 0, 0, 0, 0, 90, 100, '', 0, 0, 0, '0', 0, 1, 0, 0, 0),
	(12067, 6, 1, 0, '', 'Engine main bearing temp. VIII', 0, 0, 0, '', 0, 0, 0, 'C', 0, 0, 0, 0, 0, 0, 90, 100, '', 0, 0, 0, '0', 0, 1, 0, 0, 0),
	(12068, 6, 1, 0, '', 'Engine main bearing temp. X', 0, 0, 0, '', 0, 0, 0, 'C', 0, 0, 0, 0, 0, 0, 90, 100, '', 0, 0, 0, '0', 0, 1, 0, 0, 0),
	(12069, 1, 1, 0, 'rpm', 'Engine speed', 0, 0, 0, '', 0, 0, 0, 'rpm', 0, 0, 0, 600, 495, 490, 505, 510, '', 0, 0, 0, '0', 0, 1, 0, 0, 0),
	(12070, 7, 1, 0, '', 'Exhaust gas deviation temp. cyl. A1', 0, 0, 0, '', 0, 0, 0, 'C', 0, 0, -500, 500, -20, -25, 20, 25, '', 0, 0, 0, '0', 0, 1, 0, 0, 0),
	(12071, 7, 1, 0, '', 'Exhaust gas deviation temp. cyl. A2', 0, 0, 0, '', 0, 0, 0, 'C', 0, 0, -500, 500, -20, -25, 20, 25, '', 0, 0, 0, '0', 0, 1, 0, 0, 0),
	(12072, 7, 1, 0, '', 'Exhaust gas deviation temp. cyl. A3', 0, 0, 0, '', 0, 0, 0, 'C', 0, 0, -500, 500, -20, -25, 20, 25, '', 0, 0, 0, '0', 0, 1, 0, 0, 0),
	(12073, 7, 1, 0, '', 'Exhaust gas deviation temp. cyl. A4', 0, 0, 0, '', 0, 0, 0, 'C', 0, 0, -500, 500, -20, -25, 20, 25, '', 0, 0, 0, '0', 0, 1, 0, 0, 0),
	(12074, 7, 1, 0, '', 'Exhaust gas deviation temp. cyl. A5', 0, 0, 0, '', 0, 0, 0, 'C', 0, 0, -500, 500, -20, -25, 20, 25, '', 0, 0, 0, '0', 0, 1, 0, 0, 0),
	(12075, 7, 1, 0, '', 'Exhaust gas deviation temp. cyl. A6', 0, 0, 0, '', 0, 0, 0, 'C', 0, 0, -500, 500, -20, -25, 20, 25, '', 0, 0, 0, '0', 0, 1, 0, 0, 0),
	(12076, 7, 1, 0, '', 'Exhaust gas deviation temp. cyl. A7', 0, 0, 0, '', 0, 0, 0, 'C', 0, 0, -500, 500, -20, -25, 20, 25, '', 0, 0, 0, '0', 0, 1, 0, 0, 0),
	(12077, 7, 1, 0, '', 'Exhaust gas deviation temp. cyl. A8', 0, 0, 0, '', 0, 0, 0, 'C', 0, 0, -500, 500, -20, -25, 20, 25, '', 0, 0, 0, '0', 0, 1, 0, 0, 0),
	(12078, 7, 1, 0, '', 'Exhaust gas deviation temp. cyl. A9', 0, 0, 0, '', 0, 0, 0, 'C', 0, 0, -500, 500, -20, -25, 20, 25, '', 0, 0, 0, '0', 0, 1, 0, 0, 0),
	(12079, 7, 1, 0, '', 'Exhaust gas deviation temp. cyl. B1', 0, 0, 0, '', 0, 0, 0, 'C', 0, 0, -500, 500, -20, -25, 20, 25, '', 0, 0, 0, '0', 0, 1, 0, 0, 0),
	(12080, 7, 1, 0, '', 'Exhaust gas deviation temp. cyl. B2', 0, 0, 0, '', 0, 0, 0, 'C', 0, 0, -500, 500, -20, -25, 20, 25, '', 0, 0, 0, '0', 0, 1, 0, 0, 0),
	(12081, 7, 1, 0, '', 'Exhaust gas deviation temp. cyl. B3', 0, 0, 0, '', 0, 0, 0, 'C', 0, 0, -500, 500, -20, -25, 20, 25, '', 0, 0, 0, '0', 0, 1, 0, 0, 0),
	(12082, 7, 1, 0, '', 'Exhaust gas deviation temp. cyl. B4', 0, 0, 0, '', 0, 0, 0, 'C', 0, 0, -500, 500, -20, -25, 20, 25, '', 0, 0, 0, '0', 0, 1, 0, 0, 0),
	(12083, 7, 1, 0, '', 'Exhaust gas deviation temp. cyl. B5', 0, 0, 0, '', 0, 0, 0, 'C', 0, 0, -500, 500, -20, -25, 20, 25, '', 0, 0, 0, '0', 0, 1, 0, 0, 0),
	(12084, 7, 1, 0, '', 'Exhaust gas deviation temp. cyl. B6', 0, 0, 0, '', 0, 0, 0, 'C', 0, 0, -500, 500, -20, -25, 20, 25, '', 0, 0, 0, '0', 0, 1, 0, 0, 0),
	(12085, 7, 1, 0, '', 'Exhaust gas deviation temp. cyl. B7', 0, 0, 0, '', 0, 0, 0, 'C', 0, 0, -500, 500, -20, -25, 20, 25, '', 0, 0, 0, '0', 0, 1, 0, 0, 0),
	(12086, 7, 1, 0, '', 'Exhaust gas deviation temp. cyl. B8', 0, 0, 0, '', 0, 0, 0, 'C', 0, 0, -500, 500, -20, -25, 20, 25, '', 0, 0, 0, '0', 0, 1, 0, 0, 0),
	(12087, 7, 1, 0, '', 'Exhaust gas deviation temp. cyl. B9', 0, 0, 0, '', 0, 0, 0, 'C', 0, 0, -500, 500, -20, -25, 20, 25, '', 0, 0, 0, '0', 0, 1, 0, 0, 0),
	(12088, 7, 1, 0, '', 'Exhaust gas mean temp. A-Bank', 0, 0, 0, '', 0, 0, 0, 'C', 0, 0, 0, 0, 0, 0, 90, 100, '', 0, 0, 0, '0', 0, 1, 0, 0, 0),
	(12089, 7, 1, 0, '', 'Exhaust gas mean temp. B-Bank', 0, 0, 0, '', 0, 0, 0, 'C', 0, 0, 0, 0, 0, 0, 90, 100, '', 0, 0, 0, '0', 0, 1, 0, 0, 0),
	(12090, 7, 1, 0, '', 'Exhaust gas temp. before TC', 0, 0, 0, '', 0, 0, 0, 'C', 0, 0, 0, 700, 400, 400, 560, 580, '', 0, 0, 0, '0', 0, 1, 0, 0, 0),
	(12091, 7, 1, 0, '', 'Exhaust gas temp. behind TC', 0, 0, 0, '', 0, 0, 0, 'C', 0, 0, 0, 600, 300, 300, 400, 420, '', 0, 0, 0, '0', 0, 1, 0, 0, 0),
	(12092, 7, 1, 0, '', 'Exhaust gas temp. cyl. A1', 0, 0, 0, '', 0, 0, 0, 'C', 0, 0, 0, 500, 200, 100, 480, 490, '', 0, 0, 0, '0', 0, 1, 0, 1, 13528),
	(12093, 7, 1, 0, '', 'Exhaust gas temp. cyl. A4', 0, 0, 0, '', 0, 0, 0, 'C', 0, 0, 0, 500, 200, 100, 480, 490, '', 0, 0, 0, '0', 0, 1, 0, 1, 13528),
	(12094, 7, 1, 0, '', 'Exhaust gas temp. cyl. A2', 0, 0, 0, '', 0, 0, 0, 'C', 0, 0, 0, 500, 200, 100, 480, 490, '', 0, 0, 0, '0', 0, 1, 0, 1, 13528),
	(12095, 7, 1, 0, '', 'Exhaust gas temp. cyl. A3', 0, 0, 0, '', 0, 0, 0, 'C', 0, 0, 0, 500, 200, 100, 480, 490, '', 0, 0, 0, '0', 0, 1, 0, 1, 13528),
	(12096, 7, 1, 0, '', 'Exhaust gas temp. cyl. A5', 0, 0, 0, '', 0, 0, 0, 'C', 0, 0, 0, 500, 200, 100, 480, 490, '', 0, 0, 0, '0', 0, 1, 0, 1, 13528),
	(12097, 7, 1, 0, '', 'Exhaust gas temp. cyl. A6', 0, 0, 0, '', 0, 0, 0, 'C', 0, 0, 0, 500, 200, 100, 480, 490, '', 0, 0, 0, '0', 0, 1, 0, 1, 13528),
	(12098, 7, 1, 0, '', 'Exhaust gas temp. cyl. A7', 0, 0, 0, '', 0, 0, 0, 'C', 0, 0, 0, 500, 200, 100, 480, 490, '', 0, 0, 0, '0', 0, 1, 0, 1, 13528),
	(12099, 7, 1, 0, '', 'Exhaust gas temp. cyl. A8', 0, 0, 0, '', 0, 0, 0, 'C', 0, 0, 0, 500, 200, 100, 480, 490, '', 0, 0, 0, '0', 0, 1, 0, 1, 13528),
	(12100, 7, 1, 0, '', 'Exhaust gas temp. cyl. A9', 0, 0, 0, '', 0, 0, 0, 'C', 0, 0, 0, 500, 200, 100, 480, 490, '', 0, 0, 0, '0', 0, 1, 0, 1, 13528),
	(12101, 7, 1, 0, '', 'Exhaust gas temp. cyl. B1', 0, 0, 0, '', 0, 0, 0, 'C', 0, 0, 0, 500, 200, 100, 480, 490, '', 0, 0, 0, '0', 0, 1, 0, 1, 13528),
	(12102, 7, 1, 0, '', 'Exhaust gas temp. cyl. B2', 0, 0, 0, '', 0, 0, 0, 'C', 0, 0, 0, 500, 200, 100, 480, 490, '', 0, 0, 0, '0', 0, 1, 0, 1, 13528),
	(12103, 7, 1, 0, '', 'Exhaust gas temp. cyl. B3', 0, 0, 0, '', 0, 0, 0, 'C', 0, 0, 0, 500, 200, 100, 480, 490, '', 0, 0, 0, '0', 0, 1, 0, 1, 13528),
	(12104, 7, 1, 0, '', 'Exhaust gas temp. cyl. B4', 0, 0, 0, '', 0, 0, 0, 'C', 0, 0, 0, 500, 200, 100, 480, 490, '', 0, 0, 0, '0', 0, 1, 0, 1, 13528),
	(12105, 7, 1, 0, '', 'Exhaust gas temp. cyl. B5', 0, 0, 0, '', 0, 0, 0, 'C', 0, 0, 0, 500, 200, 100, 480, 490, '', 0, 0, 0, '0', 0, 1, 0, 1, 13528),
	(12106, 7, 1, 0, '', 'Exhaust gas temp. cyl. B6', 0, 0, 0, '', 0, 0, 0, 'C', 0, 0, 0, 500, 200, 100, 480, 490, '', 0, 0, 0, '0', 0, 1, 0, 1, 13528),
	(12107, 7, 1, 0, '', 'Exhaust gas temp. cyl. B7', 0, 0, 0, '', 0, 0, 0, 'C', 0, 0, 0, 500, 200, 100, 480, 490, '', 0, 0, 0, '0', 0, 1, 0, 1, 13528),
	(12108, 7, 1, 0, '', 'Exhaust gas temp. cyl. B8', 0, 0, 0, '', 0, 0, 0, 'C', 0, 0, 0, 500, 200, 100, 480, 490, '', 0, 0, 0, '0', 0, 1, 0, 1, 13528),
	(12109, 7, 1, 0, '', 'Exhaust gas temp. cyl. B9', 0, 0, 0, '', 0, 0, 0, 'C', 0, 0, 0, 500, 200, 100, 480, 490, '', 0, 0, 0, '0', 0, 1, 0, 1, 13528),
	(12110, 20, 1, 0, 'fo_p_ei', 'Fuel oil pressure engine inlet', 0, 0, 0, '', 0, 0, 0, 'bar', 0, 0, 0, 0, 0, 0, 90, 100, '', 0, 0, 0, '0', 0, 1, 0, 0, 0),
	(12111, 20, 1, 0, '', 'Fuel oil temperature engine inlet', 0, 0, 0, '', 0, 0, 0, 'C', 0, 0, 110, 160, 110, 115, 140, 150, '', 0, 0, 0, '0', 0, 1, 0, 0, 0),
	(12112, 20, 1, 0, '', 'Fuel rack position', 0, 0, 0, '', 0, 0, 0, '', 0, 0, 0, 0, 0, 0, 110, 115, '', 0, 0, 0, '0', 0, 1, 0, 0, 0),
	(12113, 1, 1, 0, '', 'GCP panel temperature', 0, 0, 0, '', 0, 0, 0, 'C', 0, 0, 0, 100, 0, 0, 40, 60, '', 0, 0, 0, '0', 0, 1, 0, 0, 0),
	(12114, 11, 1, 0, '', 'Gen. bearing temp. shell DE', 0, 0, 0, '', 0, 0, 0, 'C', 0, 0, 0, 0, 0, 0, 90, 100, '', 0, 0, 0, '0', 0, 1, 0, 0, 0),
	(12115, 11, 1, 0, '', 'Gen. bearing temp. shell NDE', 0, 0, 0, '', 0, 0, 0, 'C', 0, 0, 0, 0, 0, 0, 90, 100, '', 0, 0, 0, '0', 0, 1, 0, 0, 0),
	(12116, 16, 1, 0, '', 'Gen. winding temp. U', 0, 0, 0, '', 0, 0, 0, 'C', 0, 0, 0, 150, 0, 0, 125, 135, '', 0, 0, 0, '0', 0, 1, 0, 0, 0),
	(12117, 16, 1, 0, '', 'Gen. winding temp. V', 0, 0, 0, '', 0, 0, 0, 'C', 0, 0, -1, 150, 0, 0, 125, 135, '', 0, 0, 0, '0', 0, 1, 0, 0, 0),
	(12118, 16, 1, 0, '', 'Gen. winding temp. W', 0, 0, 0, '', 0, 0, 0, 'C', 0, 0, -1, 150, 0, 0, 125, 135, '', 0, 0, 0, '0', 0, 1, 0, 0, 0),
	(12119, 12, 1, 0, '', 'Generator current phase L1', 0, 0, 0, '', 0, 0, 0, 'A', 0, 0, 0, 1500, 400, 400, 1000, 1100, '', 0, 0, 0, '0', 0, 1, 0, 0, 0),
	(12120, 12, 1, 0, '', 'Generator current phase L2', 0, 0, 0, '', 0, 0, 0, 'A', 0, 0, 0, 1500, 400, 400, 1000, 1100, '', 0, 0, 0, '0', 0, 1, 0, 0, 0),
	(12121, 12, 1, 0, '', 'Generator current phase L3', 0, 0, 0, '', 0, 0, 0, 'A', 0, 0, 0, 1500, 400, 400, 1000, 1100, '', 0, 0, 0, '0', 0, 1, 0, 0, 0),
	(12122, 12, 1, 0, 'freq', 'Generator frequency', 0, 0, 0, '', 0, 0, 0, 'Hz', 0, 0, 0, 53, 49, 48, 51, 52, '', 0, 0, 0, '0', 0, 1, 0, 0, 0),
	(12123, 12, 1, 0, 'PF', 'Generator power factor', 0, 0, 0, '', 0, 0, 0, '-', 0, 0, 0, 1, 0.8, 0.9, 1, 1, '', 0, 0, 0, '0', 0, 1, 0, 0, 0),
	(12124, 12, 1, 0, '', 'Generator voltage L1-L2', 0, 0, 0, '', 0, 0, 0, 'kV', 0, 0, 0, 12, 0, 10.5, 11.5, 0, '', 0, 0, 0, '0', 0, 1, 0, 0, 0),
	(12125, 12, 1, 0, '', 'Generator voltage L1-N', 0, 0, 0, '', 0, 0, 0, 'kV', 0, 0, 0, 0, 0, 0, 90, 100, '', 0, 0, 0, '0', 0, 1, 0, 0, 0),
	(12126, 12, 1, 0, '', 'Generator voltage L2-L3', 0, 0, 0, '', 0, 0, 0, 'kV', 0, 0, 0, 12, 0, 10.5, 11.5, 0, '', 0, 0, 0, '0', 0, 1, 0, 0, 0),
	(12127, 12, 1, 0, '', 'Generator voltage L2-N', 0, 0, 0, '', 0, 0, 0, 'kV', 0, 0, 0, 0, 0, 0, 90, 100, '', 0, 0, 0, '0', 0, 1, 0, 0, 0),
	(12128, 12, 1, 0, '', 'Generator voltage L3-L1', 0, 0, 0, '', 0, 0, 0, 'kV', 0, 0, 0, 12, 0, 10.5, 11.5, 0, '', 0, 0, 0, '0', 0, 1, 0, 0, 0),
	(12129, 12, 1, 0, '', 'Generator voltage L3-N', 0, 0, 0, '', 0, 0, 0, 'kV', 0, 0, 0, 0, 0, 0, 90, 100, '', 0, 0, 0, '0', 0, 1, 0, 0, 0),
	(12130, 13, 1, 0, 'ht_p_ei', 'HT c.w. pressure engine inlet', 0, 0, 0, '', 0, 0, 0, 'bar', 0, 0, 0, 6, 1.3, 1.2, 5, 5.5, '', 0, 0, 0, '0', 0, 1, 0, 0, 0),
	(12131, 13, 1, 0, '', 'HT c.w. pressure engine inlet', 0, 0, 0, '', 0, 0, 0, 'bar', 0, 0, 0, 6, 1.3, 1.2, 5, 5.5, '', 0, 0, 0, '0', 0, 1, 0, 0, 0),
	(12132, 13, 1, 0, '', 'HT c.w. regulation actual controller output', 0, 0, 0, '', 0, 0, 0, '', 0, 0, 0, 0, 0, 0, 90, 100, '', 0, 0, 0, '0', 0, 1, 0, 0, 0),
	(12133, 13, 1, 0, '', 'HT c.w. regulation actual nominal value', 0, 0, 0, '', 0, 0, 0, '', 0, 0, 0, 0, 0, 0, 90, 100, '', 0, 0, 0, '0', 0, 1, 0, 0, 0),
	(12134, 13, 1, 0, '', 'HT c.w. temp. bef. xxMJG32AC020', 0, 0, 0, '', 0, 0, 0, 'C', 0, 0, 0, 120, 80, 0, 95, 98, '', 0, 0, 0, '0', 0, 1, 0, 0, 0),
	(12135, 13, 1, 0, '', 'HT c.w. temp. beh. xxMJG31AA010', 0, 0, 0, '', 0, 0, 0, 'C', 0, 0, 0, 120, 0, 0, 70, 80, '', 0, 0, 0, '0', 0, 1, 0, 0, 0),
	(12136, 13, 1, 0, '', 'HT c.w. temp. beh. xxMJG32AC020', 0, 0, 0, '', 0, 0, 0, 'C', 0, 0, 0, 120, 0, 0, 55, 70, '', 0, 0, 0, '0', 0, 1, 0, 0, 0),
	(12137, 1, 1, 0, '', 'Intake air temp. xMJQ61AT010', 0, 0, 0, '', 0, 0, 0, 'C', 0, 0, 0, 100, 15, 15, 35, 40, '', 0, 0, 0, '0', 0, 1, 0, 0, 0),
	(12138, 1, 1, 0, '', 'Intake air temp. xMJQ61AT010', 0, 0, 0, '', 0, 0, 0, 'C', 0, 0, 0, 100, 15, 15, 35, 40, '', 0, 0, 0, '0', 0, 1, 0, 0, 0),
	(12139, 14, 1, 0, 'lt_p_cai', 'LT c.w. pressure behind xxMJA10AG010', 0, 0, 0, '', 0, 0, 0, 'bar', 0, 0, 0, 6, 3, 1.2, 4, 4.5, '', 0, 0, 0, '0', 0, 1, 0, 0, 0),
	(12140, 14, 1, 0, '', 'LT c.w. pressure engine inlet', 0, 0, 0, '', 0, 0, 0, 'bar', 0, 0, 0, 6, 3, 1.2, 4, 4.5, '', 0, 0, 0, '0', 0, 1, 0, 0, 0),
	(12141, 14, 1, 0, '', 'LT c.w. temp. before xxMJG32AC020', 0, 0, 0, '', 0, 0, 0, 'C', 0, 0, 0, 120, 20, 30, 55, 60, '', 0, 0, 0, '0', 0, 1, 0, 0, 0),
	(12142, 14, 1, 0, '', 'LT c.w. temp. behind xxMJA10AG010', 0, 0, 0, '', 0, 0, 0, 'C', 0, 0, 20, 50, 30, 28, 40, 45, '', 0, 0, 0, '0', 0, 1, 0, 0, 0),
	(12143, 10, 1, 0, '', 'Lube oil temp. inlet xxMJV21AT011', 0, 0, 0, '', 0, 0, 0, 'C', 0, 0, 0, 0, 0, 0, 90, 100, '', 0, 0, 0, '0', 0, 1, 0, 0, 0),
	(12144, 10, 1, 0, '', 'Lube oil consumption counter', 0, 0, 0, '', 0, 0, 0, '', 0, 0, 0, 1000000000, 0, 0, 1000000000, 1000000000, '', 0, 0, 0, '0', 0, 1, 0, 0, 0),
	(12145, 10, 1, 0, '', 'Lube oil pressure engine inlet', 0, 0, 0, '', 0, 0, 0, 'bar', 0, 0, 0, 10, 3.6, 3.5, 7, 8, '', 0, 0, 0, '0', 0, 1, 0, 0, 0),
	(12146, 10, 1, 0, '', 'Lube oil pressure engine inlet', 0, 0, 0, '', 0, 0, 0, 'bar', 0, 0, 0, 10, 3.6, 3.5, 7, 8, '', 0, 0, 0, '0', 0, 1, 0, 0, 0),
	(12147, 10, 1, 0, 'lo_p_tci', 'Lube oil pressure TC inlet', 0, 0, 0, '', 0, 0, 0, 'bar', 0, 0, 0, 0, 0, 0, 90, 100, '', 0, 0, 0, '0', 0, 1, 0, 0, 0),
	(12148, 10, 1, 0, '', 'Lube oil pressure TC inlet', 0, 0, 0, '', 0, 0, 0, 'bar', 0, 0, 0, 0, 0, 0, 90, 100, '', 0, 0, 0, '0', 0, 1, 0, 0, 0),
	(12149, 10, 1, 0, '', 'Lube oil service tank BB010 level', 0, 0, 0, '', 0, 0, 0, '%', 0, 0, 0, 100, 0, 0, 90, 95, '', 0, 0, 0, '0', 0, 1, 0, 0, 0),
	(12150, 10, 1, 0, '', 'Lube oil service tank BB010 level', 0, 0, 0, '', 0, 0, 0, '%', 0, 0, 0, 100, 0, 0, 90, 95, '', 0, 0, 0, '0', 0, 1, 0, 0, 0),
	(12151, 10, 1, 0, '', 'Lube oil temp. beh. xxMJV21AA030', 0, 0, 0, '', 0, 0, 0, 'C', 0, 0, 0, 0, 0, 0, 90, 100, '', 0, 0, 0, '0', 0, 1, 0, 0, 0),
	(12152, 10, 1, 0, '', 'Lube oil temp. behind TC', 0, 0, 0, '', 0, 0, 0, 'C', 0, 0, 0, 0, 0, 0, 90, 100, '', 0, 0, 0, '0', 0, 1, 0, 0, 0),
	(12153, 10, 1, 0, '', 'Lube oil temp. behind TC', 0, 0, 0, '', 0, 0, 0, 'C', 0, 0, 0, 0, 0, 0, 90, 100, '', 0, 0, 0, '0', 0, 1, 0, 0, 0),
	(12154, 10, 1, 0, '', 'Lube oil temp. engine inlet', 0, 0, 0, '', 0, 0, 0, 'C', 0, 0, 0, 100, 0, 0, 60, 65, '', 0, 0, 0, '0', 0, 1, 0, 0, 0),
	(12155, 10, 1, 0, '', 'Lube oil temp. engine inlet', 0, 0, 0, '', 0, 0, 0, 'C', 0, 0, 0, 100, 0, 0, 60, 65, '', 0, 0, 0, '0', 0, 1, 0, 0, 0),
	(12156, 10, 1, 0, '', 'Lube oil temp. engine inlet', 0, 0, 0, '', 0, 0, 0, 'C', 0, 0, 0, 100, 0, 0, 60, 65, '', 0, 0, 0, '0', 0, 1, 0, 0, 0),
	(12157, 10, 1, 0, '', 'Lube oil temp. inlet xxMJV21AC011', 0, 0, 0, '', 0, 0, 0, 'C', 0, 0, 0, 0, 0, 0, 90, 100, '', 0, 0, 0, '0', 0, 1, 0, 0, 0),
	(12158, 10, 1, 0, '', 'Lube oil temp. outlet xxMJV21AC011', 0, 0, 0, '', 0, 0, 0, 'C', 0, 0, 0, 0, 0, 0, 90, 100, '', 0, 0, 0, '0', 0, 1, 0, 0, 0),
	(12159, 10, 1, 0, '', 'Lube oil temp. regulation actual controller output', 0, 0, 0, '', 0, 0, 0, '', 0, 0, 0, 0, 0, 0, 90, 100, '', 0, 0, 0, '0', 0, 1, 0, 0, 0),
	(12160, 10, 1, 0, '', 'Lube oil temp. regulation actual nominal value', 0, 0, 0, '', 0, 0, 0, '', 0, 0, 70, 100, 0, 0, 0, 90, '', 0, 0, 0, '0', 0, 1, 0, 0, 0),
	(12161, 15, 1, 0, 'ncw_ei', 'Nozzle c.w. pressure engine inlet', 0, 0, 0, '', 0, 0, 0, 'bar', 0, 0, 0, 6, 3, 2.8, 4, 4.5, '', 0, 0, 0, '0', 0, 1, 0, 0, 0),
	(12162, 15, 1, 0, '', 'Nozzle c.w. temp. beh. 01MJA10AG010', 0, 0, 0, '', 0, 0, 0, 'C', 0, 0, 0, 120, 50, 20, 70, 95, '', 0, 0, 0, '0', 0, 1, 0, 0, 0),
	(12163, 1, 1, 0, '', 'Pos. transm. at steam control valve', 0, 0, 0, '', 0, 0, 0, '', 0, 0, 0, 0, 0, 0, 90, 100, '', 0, 0, 0, '0', 0, 1, 0, 0, 0),
	(12164, 9, 1, 0, '', 'Pressure charge air before cyl. A', 0, 0, 0, '', 0, 0, 0, 'bar', 0, 0, 0, 5, 2.5, 2.5, 3.2, 3.5, '', 0, 0, 0, '0', 0, 1, 0, 0, 13582),
	(12165, 9, 1, 0, '', 'Pressure charge air before cyl. B', 0, 0, 0, '', 0, 0, 0, 'bar', 0, 0, 0, 5, 2.5, 2.5, 3.2, 3.5, '', 0, 0, 0, '0', 0, 1, 0, 0, 13582),
	(12166, 9, 1, 0, 'ca_p_ei', 'Pressure charge air behind cooler', 0, 0, 0, '', 0, 0, 0, 'bar', 0, 0, 0, 5, 2.5, 2.5, 3.2, 3.5, '', 0, 0, 0, '0', 0, 1, 0, 0, 13582),
	(12167, 1, 1, 0, '', 'Pressure intake air', 0, 0, 0, '', 0, 0, 0, 'bar', 0, 0, -10, 0, -9, -8, -6, -5, '', 0, 0, 0, '0', 0, 1, 0, 0, 0),
	(12168, 12, 1, 0, 'kwh', 'Produced total actvie power from generator', 0, 0, 0, '', 0, 0, 0, 'kW', 0, 0, 0, 0, 0, 0, 90, 100, '', 0, 0, 0, '0', 0, 1, 0, 0, 0),
	(12169, 12, 1, 0, '', 'Produced total reactvie power from generator', 0, 0, 0, '', 0, 0, 0, 'kVAr', 0, 0, 0, 0, 0, 0, 90, 100, '', 0, 0, 0, '0', 0, 1, 0, 0, 0),
	(12170, 12, 1, 0, 'kvar', 'Reactive generator power', 0, 0, 0, '', 0, 0, 0, 'kVAr', 0, 0, 0, 100, 0, 0, 90, 100, '', 0, 0, 0, '0', 0, 1, 0, 0, 0),
	(12171, 1, 1, 0, '', 'Remote pos. CHATCO c.w. control valve', 0, 0, 0, '', 0, 0, 0, '', 0, 0, 0, 0, 0, 0, 90, 100, '', 0, 0, 0, '0', 0, 1, 0, 0, 0),
	(12172, 13, 1, 0, '', 'Remote pos. HT c.w. control valve', 0, 0, 0, '', 0, 0, 0, '', 0, 0, 0, 0, 0, 0, 90, 100, '', 0, 0, 0, '0', 0, 1, 0, 0, 0),
	(12173, 10, 1, 0, '', 'Remote pos. lube oil temp. contr. valve', 0, 0, 0, '', 0, 0, 0, '', 0, 0, 50, 115, 73, 70, 110, 115, '', 0, 0, 0, '0', 0, 1, 0, 0, 0),
	(12174, 10, 1, 0, '', 'Remote pos. Lube oil temp. contr. Valve', 0, 0, 0, '', 0, 0, 0, '', 0, 0, 0, 0, 0, 0, 90, 100, '', 0, 0, 0, '0', 0, 1, 0, 0, 0),
	(12175, 21, 1, 0, '', 'Splash oil mean temperature', 0, 0, 0, '', 0, 0, 0, 'C', 0, 0, 0, 0, 0, 0, 90, 100, '', 0, 0, 0, '0', 0, 1, 0, 0, 0),
	(12176, 21, 1, 0, '', 'Splashoil deviation temp. rod bearing 1', 0, 0, 0, '', 0, 0, 0, 'C', 0, 0, -10, 10, -2, -3, 2, 3, '', 0, 0, 0, '0', 0, 1, 0, 0, 0),
	(12177, 21, 1, 0, '', 'Splashoil deviation temp. rod bearing 2', 0, 0, 0, '', 0, 0, 0, 'C', 0, 0, -10, 10, -2, -3, 2, 3, '', 0, 0, 0, '0', 0, 1, 0, 0, 0),
	(12178, 21, 1, 0, '', 'Splashoil deviation temp. rod bearing 3', 0, 0, 0, '', 0, 0, 0, 'C', 0, 0, -10, 10, -2, -3, 2, 3, '', 0, 0, 0, '0', 0, 1, 0, 0, 0),
	(12179, 21, 1, 0, '', 'Splashoil deviation temp. rod bearing 4', 0, 0, 0, '', 0, 0, 0, 'C', 0, 0, -10, 10, -2, -3, 2, 3, '', 0, 0, 0, '0', 0, 1, 0, 0, 0),
	(12180, 21, 1, 0, '', 'Splashoil deviation temp. rod bearing 5', 0, 0, 0, '', 0, 0, 0, 'C', 0, 0, -10, 10, -2, -3, 2, 3, '', 0, 0, 0, '0', 0, 1, 0, 0, 0),
	(12181, 21, 1, 0, '', 'Splashoil deviation temp. rod bearing 6', 0, 0, 0, '', 0, 0, 0, 'C', 0, 0, -10, 10, -2, -3, 2, 3, '', 0, 0, 0, '0', 0, 1, 0, 0, 0),
	(12182, 21, 1, 0, '', 'Splashoil deviation temp. rod bearing 7', 0, 0, 0, '', 0, 0, 0, 'C', 0, 0, -10, 10, -2, -3, 2, 3, '', 0, 0, 0, '0', 0, 1, 0, 0, 0),
	(12183, 21, 1, 0, '', 'Splashoil deviation temp. rod bearing 8', 0, 0, 0, '', 0, 0, 0, 'C', 0, 0, -10, 10, -2, -3, 2, 3, '', 0, 0, 0, '0', 0, 1, 0, 0, 0),
	(12184, 21, 1, 0, '', 'Splashoil deviation temp. rod bearing 9', 0, 0, 0, '', 0, 0, 0, 'C', 0, 0, -10, 10, -2, -3, 2, 3, '', 0, 0, 0, '0', 0, 1, 0, 0, 0),
	(12185, 21, 1, 0, '', 'Splashoil temp. rod bearing 1', 0, 0, 0, '', 0, 0, 0, 'C', 0, 0, 0, 100, 0, 0, 72, 75, '', 0, 0, 0, '0', 0, 1, 0, 0, 0),
	(12186, 21, 1, 0, '', 'Splashoil temp. rod bearing 2', 0, 0, 0, '', 0, 0, 0, 'C', 0, 0, 0, 100, 0, 0, 72, 75, '', 0, 0, 0, '0', 0, 1, 0, 0, 0),
	(12187, 21, 1, 0, '', 'Splashoil temp. rod bearing 3', 0, 0, 0, '', 0, 0, 0, 'C', 0, 0, 0, 100, 0, 0, 72, 75, '', 0, 0, 0, '0', 0, 1, 0, 0, 0),
	(12188, 21, 1, 0, '', 'Splashoil temp. rod bearing 4', 0, 0, 0, '', 0, 0, 0, 'C', 0, 0, 0, 100, 0, 0, 72, 75, '', 0, 0, 0, '0', 0, 1, 0, 0, 0),
	(12189, 21, 1, 0, '', 'Splashoil temp. rod bearing 5', 0, 0, 0, '', 0, 0, 0, 'C', 0, 0, 0, 100, 0, 0, 72, 75, '', 0, 0, 0, '0', 0, 1, 0, 0, 0),
	(12190, 21, 1, 0, '', 'Splashoil temp. rod bearing 6', 0, 0, 0, '', 0, 0, 0, 'C', 0, 0, 0, 100, 0, 0, 72, 75, '', 0, 0, 0, '0', 0, 1, 0, 0, 0),
	(12191, 21, 1, 0, '', 'Splashoil temp. rod bearing 7', 0, 0, 0, '', 0, 0, 0, 'C', 0, 0, 0, 100, 0, 0, 72, 75, '', 0, 0, 0, '0', 0, 1, 0, 0, 0),
	(12192, 21, 1, 0, '', 'Splashoil temp. rod bearing 8', 0, 0, 0, '', 0, 0, 0, 'C', 0, 0, 0, 100, 0, 0, 72, 75, '', 0, 0, 0, '0', 0, 1, 0, 0, 0),
	(12193, 21, 1, 0, '', 'Splashoil temp. rod bearing 9', 0, 0, 0, '', 0, 0, 0, 'C', 0, 0, 0, 100, 0, 0, 72, 75, '', 0, 0, 0, '0', 0, 1, 0, 0, 0),
	(12194, 8, 1, 0, 'sta_p', 'Starting air pressure', 0, 0, 0, '', 0, 0, 0, 'C', 0, 0, 0, 40, 12, 10, 29, 35, '', 0, 0, 0, '0', 0, 1, 0, 0, 0),
	(12195, 9, 1, 0, '', 'Temp. charge air beh. cooler TC A', 0, 0, 0, '', 0, 0, 0, 'C', 0, 0, 0, 100, 50, 50, 72, 75, '', 0, 0, 0, '0', 0, 1, 0, 0, 0),
	(12196, 9, 1, 0, '', 'Temp. charge air beh. cooler TC A', 0, 0, 0, '', 0, 0, 0, 'C', 0, 0, 0, 100, 50, 50, 72, 75, '', 0, 0, 0, '0', 0, 1, 0, 0, 0),
	(12197, 9, 1, 0, '', 'Temp. charge air beh. cooler TC B', 0, 0, 0, '', 0, 0, 0, 'C', 0, 0, 0, 100, 50, 50, 72, 75, '', 0, 0, 0, '0', 0, 1, 0, 0, 0),
	(12198, 9, 1, 0, '', 'Temp. charge air cooler inlet', 0, 0, 0, '', 0, 0, 0, 'C', 0, 0, 0, 100, 25, 30, 72, 75, '', 0, 0, 0, '0', 0, 1, 0, 0, 0),
	(12199, 9, 1, 0, '', 'Temp. charge air TC A outlet', 0, 0, 0, '', 0, 0, 0, 'C', 0, 0, 0, 300, 50, 50, 230, 250, '', 0, 0, 0, '0', 0, 1, 0, 0, 0),
	(12200, 9, 1, 0, '', 'Temp. charge air TC B outlet', 0, 0, 0, '', 0, 0, 0, 'C', 0, 0, 0, 300, 50, 50, 230, 250, '', 0, 0, 0, '0', 0, 1, 0, 0, 0),
	(12201, 13, 1, 0, '', 'Temp. HT c.w. charge air cooler inlet', 0, 0, 0, '', 0, 0, 0, 'C', 0, 0, 0, 0, 0, 0, 90, 100, '', 0, 0, 0, '0', 0, 1, 0, 0, 0),
	(12202, 13, 1, 0, '', 'Temp. HT c.w. engine inlet', 0, 0, 0, '', 0, 0, 0, 'C', 0, 0, 50, 100, 70, 75, 90, 97, '', 0, 0, 0, '0', 0, 1, 0, 0, 0),
	(12203, 13, 1, 0, '', 'Temp. HT c.w. engine outlet', 0, 0, 0, '', 0, 0, 0, 'C', 0, 0, 0, 120, 0, 0, 95, 98, '', 0, 0, 0, '0', 0, 1, 0, 0, 0),
	(12204, 13, 1, 0, '', 'Temp. HT c.w. engine outlet', 0, 0, 0, '', 0, 0, 0, 'C', 0, 0, 0, 120, 0, 0, 95, 98, '', 0, 0, 0, '0', 0, 1, 0, 0, 0),
	(12205, 13, 1, 0, '', 'Temp. HT c.w. engine outlet', 0, 0, 0, '', 0, 0, 0, 'C', 0, 0, 0, 120, 0, 0, 95, 98, '', 0, 0, 0, '0', 0, 1, 0, 0, 0),
	(12206, 1, 1, 0, '', 'Temp. in terminal box on engine', 0, 0, 0, '', 0, 0, 0, 'C', 0, 0, 0, 0, 0, 0, 90, 100, '', 0, 0, 0, '0', 0, 1, 0, 0, 0),
	(12207, 1, 1, 0, '', 'Temp. in terminal box on engine', 0, 0, 0, '', 0, 0, 0, 'C', 0, 0, 0, 0, 0, 0, 90, 100, '', 0, 0, 0, '0', 0, 1, 0, 0, 0),
	(12208, 1, 1, 0, '', 'Temp. intake air before compressor', 0, 0, 0, '', 0, 0, 0, 'C', 0, 0, 0, 100, 15, 15, 35, 40, '', 0, 0, 0, '0', 0, 1, 0, 0, 0),
	(12209, 1, 1, 0, '', 'Temp. nozzle c.w. engine inlet', 0, 0, 0, '', 0, 0, 0, 'C', 0, 0, 0, 120, 35, 20, 95, 100, '', 0, 0, 0, '0', 0, 1, 0, 0, 0),
	(12210, 1, 1, 0, '', 'Turbo charger speed', 0, 0, 0, '', 0, 0, 0, 'rpm', 0, 0, 0, 15000, 10000, 9000, 11000, 12000, '', 0, 0, 0, '0', 0, 1, 0, 0, 0),
	(12211, 1, 1, 0, '', 'Viscosity transmitter', 0, 0, 0, '', 0, 0, 0, 'cST', 0, 0, 0, 20, 2, 1, 15, 17, '', 0, 0, 0, '0', 0, 1, 0, 0, 0),
	(12212, 1, 1, 0, '', 'Warm up ramp for engine load in %', 0, 0, 0, '', 0, 0, 0, '%', 0, 0, 0, 0, 0, 0, 90, 100, '', 0, 0, 0, '0', 0, 1, 0, 0, 0),
	(12213, 51, 2, 0, 'kw_p', 'Active generator power in %', 0, 0, 0, '', 0, 0, 0, '%', 0, 0, 0, 100, 20, 10, 97, 99, '', 0, 0, 0, '0', 0, 1, 0, 0, 0),
	(12214, 51, 2, 0, 'kw', 'Active generator power in MW', 0, 0, 0, '', 0, 0, 0, 'MW', 0, 0, 0, 20, 6, 5, 19, 20, '', 0, 0, 0, '0', 0, 1, 0, 0, 0),
	(12215, 2, 2, 0, '', 'Actual load setpoint for gen.-set in MW', 0, 0, 0, '', 0, 0, 0, 'MW', 0, 0, 0, 0, 0, 0, 90, 100, '', 0, 0, 0, '0', 0, 1, 0, 0, 0),
	(12216, 2, 2, 0, '', 'Actual permitted electrical gen.-set load in %', 0, 0, 0, '', 0, 0, 0, '%', 0, 0, 0, 0, 0, 0, 90, 100, '', 0, 0, 0, '0', 0, 1, 0, 0, 0),
	(12217, 51, 2, 0, '', 'Apparent generator power', 0, 0, 0, '', 0, 0, 0, 'VA', 0, 0, 0, 0, 0, 0, 90, 100, '', 0, 0, 0, '0', 0, 1, 0, 0, 0),
	(12218, 32, 2, 0, '', 'Busbar voltage L1-L2 (Blocktrafo lower side)', 0, 0, 0, '', 0, 0, 0, 'kV', 0, 0, 0, 12, 0, 10.5, 11.8, 0, '', 0, 0, 0, '0', 0, 1, 0, 0, 0),
	(12219, 32, 2, 0, '', 'Busbar voltage L1-L2 (Blocktrafo upper side)', 0, 0, 0, '', 0, 0, 0, 'kV', 0, 0, 0, 0, 0, 0, 90, 100, '', 0, 0, 0, '0', 0, 1, 0, 0, 0),
	(12220, 32, 2, 0, '', 'Busbar voltage L2-L3 (Blocktrafo lower side)', 0, 0, 0, '', 0, 0, 0, 'kV', 0, 0, 0, 12, 0, 10.5, 11.5, 0, '', 0, 0, 0, '0', 0, 1, 0, 0, 0),
	(12221, 32, 2, 0, '', 'Busbar voltage L2-L3 (Blocktrafo upper side)', 0, 0, 0, '', 0, 0, 0, 'kV', 0, 0, 0, 0, 0, 0, 90, 100, '', 0, 0, 0, '0', 0, 1, 0, 0, 0),
	(12222, 32, 2, 0, '', 'Busbar voltage L3-L1 (Blocktrafo lower side)', 0, 0, 0, '', 0, 0, 0, 'kV', 0, 0, 0, 12, 0, 10.5, 11.5, 0, '', 0, 0, 0, '0', 0, 1, 0, 0, 0),
	(12223, 32, 2, 0, '', 'Busbar voltage L3-L1 (Blocktrafo upper side)', 0, 0, 0, '', 0, 0, 0, 'kV', 0, 0, 0, 0, 0, 0, 90, 100, '', 0, 0, 0, '0', 0, 1, 0, 0, 0),
	(12224, 2, 2, 0, '', 'CHATCO regulation actual controller output', 0, 0, 0, '', 0, 0, 0, '', 0, 0, 0, 0, 0, 0, 90, 100, '', 0, 0, 0, '0', 0, 1, 0, 0, 0),
	(12225, 2, 2, 0, '', 'CHATCO regulation actual nominal value', 0, 0, 0, '', 0, 0, 0, '', 0, 0, 0, 0, 0, 0, 90, 100, '', 0, 0, 0, '0', 0, 1, 0, 0, 0),
	(12226, 23, 2, 0, 'cna_p', 'Control air pressure', 0, 0, 0, '', 0, 0, 0, 'bar', 0, 0, 0, 12, 5.5, 4.5, 7.5, 10, '', 0, 0, 0, '0', 0, 1, 0, 0, 0),
	(12227, 2, 2, 0, '', 'Differ. pres. transm. xxMJQ61AT010', 0, 0, 0, '', 0, 0, 0, 'bar', 0, 0, 0, 0, 0, 0, 90, 100, '', 0, 0, 0, '0', 0, 1, 0, 0, 0),
	(12228, 2, 2, 0, '', 'EAP-JB cabinet temperature', 0, 0, 0, '', 0, 0, 0, 'C', 0, 0, 0, 0, 0, 0, 90, 100, '', 0, 0, 0, '0', 0, 1, 0, 0, 0),
	(12229, 2, 2, 0, '', 'ECP cabinet temperature', 0, 0, 0, '', 0, 0, 0, 'C', 0, 0, 0, 0, 0, 0, 90, 100, '', 0, 0, 0, '0', 0, 1, 0, 0, 0),
	(12230, 2, 2, 0, '', 'EM300 actuator position', 0, 0, 0, '', 0, 0, 0, '', 0, 0, 0, 0, 0, 0, 90, 100, '', 0, 0, 0, '0', 0, 1, 0, 0, 0),
	(12231, 23, 2, 0, '', 'Emergency air pressure', 0, 0, 0, '', 0, 0, 0, 'bar', 0, 0, 0, 4.5, 2.5, 2, 3.2, 4, '', 0, 0, 0, '0', 0, 1, 0, 0, 0),
	(12232, 2, 2, 0, '', 'Engine ambient temperature', 0, 0, 0, '', 0, 0, 0, 'C', 0, 0, 0, 100, 15, 15, 40, 45, '', 0, 0, 0, '0', 0, 1, 0, 0, 0),
	(12233, 18, 2, 0, '', 'Engine main bearing temp. I', 0, 0, 0, '', 0, 0, 0, 'C', 0, 0, 0, 0, 0, 0, 90, 100, '', 0, 0, 0, '0', 0, 1, 0, 0, 0),
	(12234, 18, 2, 0, '', 'Engine main bearing temp. II', 0, 0, 0, '', 0, 0, 0, 'C', 0, 0, 0, 0, 0, 0, 90, 100, '', 0, 0, 0, '0', 0, 1, 0, 0, 0),
	(12235, 18, 2, 0, '', 'Engine main bearing temp. III', 0, 0, 0, '', 0, 0, 0, 'C', 0, 0, 0, 0, 0, 0, 90, 100, '', 0, 0, 0, '0', 0, 1, 0, 0, 0),
	(12236, 18, 2, 0, '', 'Engine main bearing temp. IV', 0, 0, 0, '', 0, 0, 0, 'C', 0, 0, 0, 0, 0, 0, 90, 100, '', 0, 0, 0, '0', 0, 1, 0, 0, 0),
	(12237, 18, 2, 0, '', 'Engine main bearing temp. IX', 0, 0, 0, '', 0, 0, 0, 'C', 0, 0, 0, 0, 0, 0, 90, 100, '', 0, 0, 0, '0', 0, 1, 0, 0, 0),
	(12238, 18, 2, 0, '', 'Engine main bearing temp. OI', 0, 0, 0, '', 0, 0, 0, 'C', 0, 0, 0, 0, 0, 0, 90, 100, '', 0, 0, 0, '0', 0, 1, 0, 0, 0),
	(12239, 18, 2, 0, '', 'Engine main bearing temp. V', 0, 0, 0, '', 0, 0, 0, 'C', 0, 0, 0, 0, 0, 0, 90, 100, '', 0, 0, 0, '0', 0, 1, 0, 0, 0),
	(12240, 18, 2, 0, '', 'Engine main bearing temp. VI', 0, 0, 0, '', 0, 0, 0, 'C', 0, 0, 0, 0, 0, 0, 90, 100, '', 0, 0, 0, '0', 0, 1, 0, 0, 0),
	(12241, 18, 2, 0, '', 'Engine main bearing temp. VII', 0, 0, 0, '', 0, 0, 0, 'C', 0, 0, 0, 0, 0, 0, 90, 100, '', 0, 0, 0, '0', 0, 1, 0, 0, 0),
	(12242, 18, 2, 0, '', 'Engine main bearing temp. VIII', 0, 0, 0, '', 0, 0, 0, 'C', 0, 0, 0, 0, 0, 0, 90, 100, '', 0, 0, 0, '0', 0, 1, 0, 0, 0),
	(12243, 18, 2, 0, '', 'Engine main bearing temp. X', 0, 0, 0, '', 0, 0, 0, 'C', 0, 0, 0, 0, 0, 0, 90, 100, '', 0, 0, 0, '0', 0, 1, 0, 0, 0),
	(12244, 2, 2, 0, 'rpm', 'Engine speed', 0, 0, 0, '', 0, 0, 0, 'rpm', 0, 0, 0, 600, 495, 490, 505, 510, '', 0, 0, 0, '0', 0, 1, 0, 0, 0),
	(12245, 22, 2, 0, '', 'Exhaust gas deviation temp. cyl. A1', 0, 0, 0, '', 0, 0, 0, 'C', 0, 0, -500, 500, -20, -25, 20, 25, '', 0, 0, 0, '0', 0, 1, 0, 0, 0),
	(12246, 22, 2, 0, '', 'Exhaust gas deviation temp. cyl. A2', 0, 0, 0, '', 0, 0, 0, 'C', 0, 0, -500, 500, -20, -25, 20, 25, '', 0, 0, 0, '0', 0, 1, 0, 0, 0),
	(12247, 22, 2, 0, '', 'Exhaust gas deviation temp. cyl. A3', 0, 0, 0, '', 0, 0, 0, 'C', 0, 0, -500, 500, -20, -25, 20, 25, '', 0, 0, 0, '0', 0, 1, 0, 0, 0),
	(12248, 22, 2, 0, '', 'Exhaust gas deviation temp. cyl. A4', 0, 0, 0, '', 0, 0, 0, 'C', 0, 0, -500, 500, -20, -25, 20, 25, '', 0, 0, 0, '0', 0, 1, 0, 0, 0),
	(12249, 22, 2, 0, '', 'Exhaust gas deviation temp. cyl. A5', 0, 0, 0, '', 0, 0, 0, 'C', 0, 0, -500, 500, -20, -25, 20, 25, '', 0, 0, 0, '0', 0, 1, 0, 0, 0),
	(12250, 22, 2, 0, '', 'Exhaust gas deviation temp. cyl. A6', 0, 0, 0, '', 0, 0, 0, 'C', 0, 0, -500, 500, -20, -25, 20, 25, '', 0, 0, 0, '0', 0, 1, 0, 0, 0),
	(12251, 22, 2, 0, '', 'Exhaust gas deviation temp. cyl. A7', 0, 0, 0, '', 0, 0, 0, 'C', 0, 0, -500, 500, -20, -25, 20, 25, '', 0, 0, 0, '0', 0, 1, 0, 0, 0),
	(12252, 22, 2, 0, '', 'Exhaust gas deviation temp. cyl. A8', 0, 0, 0, '', 0, 0, 0, 'C', 0, 0, -500, 500, -20, -25, 20, 25, '', 0, 0, 0, '0', 0, 1, 0, 0, 0),
	(12253, 22, 2, 0, '', 'Exhaust gas deviation temp. cyl. A9', 0, 0, 0, '', 0, 0, 0, 'C', 0, 0, -500, 500, -20, -25, 20, 25, '', 0, 0, 0, '0', 0, 1, 0, 0, 0),
	(12254, 22, 2, 0, '', 'Exhaust gas deviation temp. cyl. B1', 0, 0, 0, '', 0, 0, 0, 'C', 0, 0, -500, 500, -20, -25, 20, 25, '', 0, 0, 0, '0', 0, 1, 0, 0, 0),
	(12255, 22, 2, 0, '', 'Exhaust gas deviation temp. cyl. B2', 0, 0, 0, '', 0, 0, 0, 'C', 0, 0, -500, 500, -20, -25, 20, 25, '', 0, 0, 0, '0', 0, 1, 0, 0, 0),
	(12256, 22, 2, 0, '', 'Exhaust gas deviation temp. cyl. B3', 0, 0, 0, '', 0, 0, 0, 'C', 0, 0, -500, 500, -20, -25, 20, 25, '', 0, 0, 0, '0', 0, 1, 0, 0, 0),
	(12257, 22, 2, 0, '', 'Exhaust gas deviation temp. cyl. B4', 0, 0, 0, '', 0, 0, 0, 'C', 0, 0, -500, 500, -20, -25, 20, 25, '', 0, 0, 0, '0', 0, 1, 0, 0, 0),
	(12258, 22, 2, 0, '', 'Exhaust gas deviation temp. cyl. B5', 0, 0, 0, '', 0, 0, 0, 'C', 0, 0, -500, 500, -20, -25, 20, 25, '', 0, 0, 0, '0', 0, 1, 0, 0, 0),
	(12259, 22, 2, 0, '', 'Exhaust gas deviation temp. cyl. B6', 0, 0, 0, '', 0, 0, 0, 'C', 0, 0, -500, 500, -20, -25, 20, 25, '', 0, 0, 0, '0', 0, 1, 0, 0, 0),
	(12260, 22, 2, 0, '', 'Exhaust gas deviation temp. cyl. B7', 0, 0, 0, '', 0, 0, 0, 'C', 0, 0, -500, 500, -20, -25, 20, 25, '', 0, 0, 0, '0', 0, 1, 0, 0, 0),
	(12261, 22, 2, 0, '', 'Exhaust gas deviation temp. cyl. B8', 0, 0, 0, '', 0, 0, 0, 'C', 0, 0, -500, 500, -20, -25, 20, 25, '', 0, 0, 0, '0', 0, 1, 0, 0, 0),
	(12262, 22, 2, 0, '', 'Exhaust gas deviation temp. cyl. B9', 0, 0, 0, '', 0, 0, 0, 'C', 0, 0, -500, 500, -20, -25, 20, 25, '', 0, 0, 0, '0', 0, 1, 0, 0, 0),
	(12263, 22, 2, 0, '', 'Exhaust gas mean temp. A-Bank', 0, 0, 0, '', 0, 0, 0, 'C', 0, 0, 0, 0, 0, 0, 90, 100, '', 0, 0, 0, '0', 0, 1, 0, 0, 0),
	(12264, 22, 2, 0, '', 'Exhaust gas mean temp. B-Bank', 0, 0, 0, '', 0, 0, 0, 'C', 0, 0, 0, 0, 0, 0, 90, 100, '', 0, 0, 0, '0', 0, 1, 0, 0, 0),
	(12265, 31, 2, 0, '', 'Exhaust gas temp. before TC', 0, 0, 0, '', 0, 0, 0, 'C', 0, 0, 0, 700, 400, 400, 560, 580, '', 0, 0, 0, '0', 0, 1, 0, 0, 0),
	(12266, 31, 2, 0, '', 'Exhaust gas temp. behind TC', 0, 0, 0, '', 0, 0, 0, 'C', 0, 0, 0, 600, 300, 300, 400, 420, '', 0, 0, 0, '0', 0, 1, 0, 0, 0),
	(12267, 22, 2, 0, '', 'Exhaust gas temp. cyl. A1', 0, 0, 0, '', 0, 0, 0, 'C', 0, 0, 0, 500, 100, 200, 480, 490, '', 0, 0, 0, '0', 0, 1, 0, 0, 0),
	(12268, 22, 2, 0, '', 'Exhaust gas temp. cyl. A1', 0, 0, 0, '', 0, 0, 0, 'C', 0, 0, 0, 500, 100, 200, 480, 490, '', 0, 0, 0, '0', 0, 1, 0, 0, 0),
	(12269, 22, 2, 0, '', 'Exhaust gas temp. cyl. A2', 0, 0, 0, '', 0, 0, 0, 'C', 0, 0, 0, 500, 100, 200, 480, 490, '', 0, 0, 0, '0', 0, 1, 0, 0, 0),
	(12270, 22, 2, 0, '', 'Exhaust gas temp. cyl. A3', 0, 0, 0, '', 0, 0, 0, 'C', 0, 0, 0, 500, 100, 200, 480, 490, '', 0, 0, 0, '0', 0, 1, 0, 0, 0),
	(12271, 22, 2, 0, '', 'Exhaust gas temp. cyl. A5', 0, 0, 0, '', 0, 0, 0, 'C', 0, 0, 0, 500, 100, 200, 480, 490, '', 0, 0, 0, '0', 0, 1, 0, 0, 0),
	(12272, 22, 2, 0, '', 'Exhaust gas temp. cyl. A6', 0, 0, 0, '', 0, 0, 0, 'C', 0, 0, 0, 500, 100, 200, 480, 490, '', 0, 0, 0, '0', 0, 1, 0, 0, 0),
	(12273, 22, 2, 0, '', 'Exhaust gas temp. cyl. A7', 0, 0, 0, '', 0, 0, 0, 'C', 0, 0, 0, 500, 100, 200, 480, 490, '', 0, 0, 0, '0', 0, 1, 0, 0, 0),
	(12274, 22, 2, 0, '', 'Exhaust gas temp. cyl. A8', 0, 0, 0, '', 0, 0, 0, 'C', 0, 0, 0, 500, 100, 200, 480, 490, '', 0, 0, 0, '0', 0, 1, 0, 0, 0),
	(12275, 22, 2, 0, '', 'Exhaust gas temp. cyl. A9', 0, 0, 0, '', 0, 0, 0, 'C', 0, 0, 0, 500, 100, 200, 480, 490, '', 0, 0, 0, '0', 0, 1, 0, 0, 0),
	(12276, 22, 2, 0, '', 'Exhaust gas temp. cyl. B1', 0, 0, 0, '', 0, 0, 0, 'C', 0, 0, 0, 500, 100, 200, 480, 490, '', 0, 0, 0, '0', 0, 1, 0, 0, 0),
	(12277, 22, 2, 0, '', 'Exhaust gas temp. cyl. B2', 0, 0, 0, '', 0, 0, 0, 'C', 0, 0, 0, 500, 100, 200, 480, 490, '', 0, 0, 0, '0', 0, 1, 0, 0, 0),
	(12278, 22, 2, 0, '', 'Exhaust gas temp. cyl. B3', 0, 0, 0, '', 0, 0, 0, 'C', 0, 0, 0, 500, 100, 200, 480, 490, '', 0, 0, 0, '0', 0, 1, 0, 0, 0),
	(12279, 22, 2, 0, '', 'Exhaust gas temp. cyl. B4', 0, 0, 0, '', 0, 0, 0, 'C', 0, 0, 0, 500, 100, 200, 480, 490, '', 0, 0, 0, '0', 0, 1, 0, 0, 0),
	(12280, 22, 2, 0, '', 'Exhaust gas temp. cyl. B5', 0, 0, 0, '', 0, 0, 0, 'C', 0, 0, 0, 500, 100, 200, 480, 490, '', 0, 0, 0, '0', 0, 1, 0, 0, 0),
	(12281, 22, 2, 0, '', 'Exhaust gas temp. cyl. B6', 0, 0, 0, '', 0, 0, 0, 'C', 0, 0, 0, 500, 100, 200, 480, 490, '', 0, 0, 0, '0', 0, 1, 0, 0, 0),
	(12282, 22, 2, 0, '', 'Exhaust gas temp. cyl. B7', 0, 0, 0, '', 0, 0, 0, 'C', 0, 0, 0, 500, 100, 200, 480, 490, '', 0, 0, 0, '0', 0, 1, 0, 0, 0),
	(12283, 22, 2, 0, '', 'Exhaust gas temp. cyl. B8', 0, 0, 0, '', 0, 0, 0, 'C', 0, 0, 0, 500, 100, 200, 480, 490, '', 0, 0, 0, '0', 0, 1, 0, 0, 0),
	(12284, 22, 2, 0, '', 'Exhaust gas temp. cyl. B9', 0, 0, 0, '', 0, 0, 0, 'C', 0, 0, 0, 500, 100, 200, 480, 490, '', 0, 0, 0, '0', 0, 1, 0, 0, 0),
	(12285, 33, 2, 0, 'fo_p_ei', 'Fuel oil pressure engine inlet', 0, 0, 0, '', 0, 0, 0, 'mbar', 0, 0, 0, 0, 0, 0, 90, 100, '', 0, 0, 0, '0', 0, 1, 0, 0, 0),
	(12286, 33, 2, 0, '', 'Fuel oil temperature engine inlet', 0, 0, 0, '', 0, 0, 0, 'C', 0, 0, 110, 160, 110, 115, 140, 150, '', 0, 0, 0, '0', 0, 1, 0, 0, 0),
	(12287, 33, 2, 0, '', 'Fuel rack position', 0, 0, 0, '', 0, 0, 0, '', 0, 0, 0, 0, 0, 0, 110, 115, '', 0, 0, 0, '0', 0, 1, 0, 0, 0),
	(12288, 2, 2, 0, '', 'GCP panel temperature', 0, 0, 0, '', 0, 0, 0, 'C', 0, 0, 0, 100, 0, 0, 40, 60, '', 0, 0, 0, '0', 0, 1, 0, 0, 0),
	(12289, 26, 2, 0, '', 'Gen. bearing temp. shell DE', 0, 0, 0, '', 0, 0, 0, 'C', 0, 0, 0, 0, 0, 0, 90, 100, '', 0, 0, 0, '0', 0, 1, 0, 0, 0),
	(12290, 26, 2, 0, '', 'Gen. bearing temp. shell NDE', 0, 0, 0, '', 0, 0, 0, 'C', 0, 0, 0, 0, 0, 0, 90, 100, '', 0, 0, 0, '0', 0, 1, 0, 0, 0),
	(12291, 2, 2, 0, '', 'Gen. winding temp. U', 0, 0, 0, '', 0, 0, 0, 'C', 0, 0, -1, 150, 0, 0, 125, 135, '', 0, 0, 0, '0', 0, 1, 0, 0, 0),
	(12292, 2, 2, 0, '', 'Gen. winding temp. V', 0, 0, 0, '', 0, 0, 0, 'C', 0, 0, -1, 150, 0, 0, 125, 135, '', 0, 0, 0, '0', 0, 1, 0, 0, 0),
	(12293, 2, 2, 0, '', 'Gen. winding temp. W', 0, 0, 0, '', 0, 0, 0, 'C', 0, 0, -1, 150, 0, 0, 125, 135, '', 0, 0, 0, '0', 0, 1, 0, 0, 0),
	(12294, 51, 2, 0, '', 'Generator current phase L1', 0, 0, 0, '', 0, 0, 0, 'A', 0, 0, 0, 1500, 400, 400, 1000, 1100, '', 0, 0, 0, '0', 0, 1, 0, 0, 0),
	(12295, 51, 2, 0, '', 'Generator current phase L2', 0, 0, 0, '', 0, 0, 0, 'A', 0, 0, 0, 1500, 400, 400, 1000, 1100, '', 0, 0, 0, '0', 0, 1, 0, 0, 0),
	(12296, 51, 2, 0, '', 'Generator current phase L3', 0, 0, 0, '', 0, 0, 0, 'A', 0, 0, 0, 1500, 400, 400, 1000, 1100, '', 0, 0, 0, '0', 0, 1, 0, 0, 0),
	(12297, 51, 2, 0, 'freq', 'Generator frequency', 0, 0, 0, '', 0, 0, 0, 'Hz', 0, 0, 0, 53, 49, 48, 51, 52, '', 0, 0, 0, '0', 0, 1, 0, 0, 0),
	(12298, 51, 2, 0, 'PF', 'Generator power factor', 0, 0, 0, '', 0, 0, 0, '-', 0, 0, 0, 1, 0.8, 0.9, 1, 1, '', 0, 0, 0, '0', 0, 1, 0, 0, 0),
	(12299, 51, 2, 0, '', 'Generator voltage L1-L2', 0, 0, 0, '', 0, 0, 0, 'kV', 0, 0, 0, 12, 0, 10.5, 11.5, 0, '', 0, 0, 0, '0', 0, 1, 0, 0, 0),
	(12300, 51, 2, 0, '', 'Generator voltage L1-N', 0, 0, 0, '', 0, 0, 0, 'kV', 0, 0, 0, 0, 0, 0, 90, 100, '', 0, 0, 0, '0', 0, 1, 0, 0, 0),
	(12301, 51, 2, 0, '', 'Generator voltage L2-L3', 0, 0, 0, '', 0, 0, 0, 'kV', 0, 0, 0, 12, 0, 10.5, 11.5, 0, '', 0, 0, 0, '0', 0, 1, 0, 0, 0),
	(12302, 51, 2, 0, '', 'Generator voltage L2-N', 0, 0, 0, '', 0, 0, 0, 'kV', 0, 0, 0, 0, 0, 0, 90, 100, '', 0, 0, 0, '0', 0, 1, 0, 0, 0),
	(12303, 51, 2, 0, '', 'Generator voltage L3-L1', 0, 0, 0, '', 0, 0, 0, 'kV', 0, 0, 0, 12, 0, 10.5, 11.5, 0, '', 0, 0, 0, '0', 0, 1, 0, 0, 0),
	(12304, 51, 2, 0, '', 'Generator voltage L3-N', 0, 0, 0, '', 0, 0, 0, 'kV', 0, 0, 0, 0, 0, 0, 90, 100, '', 0, 0, 0, '0', 0, 1, 0, 0, 0),
	(12305, 27, 2, 0, 'ht_p_ei', 'HT c.w. pressure engine inlet', 0, 0, 0, '', 0, 0, 0, 'bar', 0, 0, 0, 6, 1.3, 1.2, 5, 5.5, '', 0, 0, 0, '0', 0, 1, 0, 0, 0),
	(12306, 27, 2, 0, '', 'HT c.w. pressure engine inlet', 0, 0, 0, '', 0, 0, 0, 'bar', 0, 0, 0, 6, 1.3, 1.2, 5, 5.5, '', 0, 0, 0, '0', 0, 1, 0, 0, 0),
	(12307, 27, 2, 0, '', 'HT c.w. regulation actual controller output', 0, 0, 0, '', 0, 0, 0, '', 0, 0, 0, 0, 0, 0, 90, 100, '', 0, 0, 0, '0', 0, 1, 0, 0, 0),
	(12308, 27, 2, 0, '', 'HT c.w. regulation actual nominal value', 0, 0, 0, '', 0, 0, 0, '', 0, 0, 0, 0, 0, 0, 90, 100, '', 0, 0, 0, '0', 0, 1, 0, 0, 0),
	(12309, 27, 2, 0, '', 'HT c.w. temp. bef. xxMJG32AC020', 0, 0, 0, '', 0, 0, 0, 'C', 0, 0, 0, 120, 80, 81, 95, 98, '', 0, 0, 0, '0', 0, 1, 0, 0, 0),
	(12310, 27, 2, 0, '', 'HT c.w. temp. beh. xxMJG31AA010', 0, 0, 0, '', 0, 0, 0, 'C', 0, 0, 0, 120, 0, 0, 70, 80, '', 0, 0, 0, '0', 0, 1, 0, 0, 0),
	(12311, 27, 2, 0, '', 'HT c.w. temp. beh. xxMJG32AC020', 0, 0, 0, '', 0, 0, 0, 'C', 0, 0, 0, 120, 0, 0, 55, 70, '', 0, 0, 0, '0', 0, 1, 0, 0, 0),
	(12312, 2, 2, 0, '', 'Intake air temp. xMJQ61AT010', 0, 0, 0, '', 0, 0, 0, 'C', 0, 0, 0, 100, 15, 15, 35, 40, '', 0, 0, 0, '0', 0, 1, 0, 0, 0),
	(12313, 2, 2, 0, '', 'Intake air temp. xMJQ61AT010', 0, 0, 0, '', 0, 0, 0, 'C', 0, 0, 0, 100, 15, 15, 35, 40, '', 0, 0, 0, '0', 0, 1, 0, 0, 0),
	(12314, 28, 2, 0, 'lt_p_cai', 'LT c.w. pressure behind xxMJA10AG010', 0, 0, 0, '', 0, 0, 0, 'bar', 0, 0, 0, 6, 3, 1.2, 4, 4.5, '', 0, 0, 0, '0', 0, 1, 0, 0, 0),
	(12315, 28, 2, 0, '', 'LT c.w. pressure engine inlet', 0, 0, 0, '', 0, 0, 0, 'bar', 0, 0, 0, 6, 3, 1.2, 4, 4.5, '', 0, 0, 0, '0', 0, 1, 0, 0, 0),
	(12316, 28, 2, 0, '', 'LT c.w. temp. before xxMJG32AC020', 0, 0, 0, '', 0, 0, 0, 'C', 0, 0, 0, 120, 20, 30, 55, 60, '', 0, 0, 0, '0', 0, 1, 0, 0, 0),
	(12317, 28, 2, 0, '', 'LT c.w. temp. behind xxMJA10AG010', 0, 0, 0, '', 0, 0, 0, 'C', 0, 0, 20, 50, 30, 35, 40, 45, '', 0, 0, 0, '0', 0, 1, 0, 0, 0),
	(12318, 25, 2, 0, '', 'Lube oil  temp. inlet xxMJV21AT011', 0, 0, 0, '', 0, 0, 0, 'C', 0, 0, 0, 0, 0, 0, 90, 100, '', 0, 0, 0, '0', 0, 1, 0, 0, 0),
	(12319, 25, 2, 0, '', 'Lube oil consumption counter', 0, 0, 0, '', 0, 0, 0, '', 0, 0, 0, 1000000000, 0, 0, 1000000000, 1000000000, '', 0, 0, 0, '0', 0, 1, 0, 0, 0),
	(12320, 25, 2, 0, '', 'Lube oil pressure engine inlet', 0, 0, 0, '', 0, 0, 0, 'bar', 0, 0, 0, 10, 3.6, 3.5, 7, 8, '', 0, 0, 0, '0', 0, 1, 0, 0, 0),
	(12321, 25, 2, 0, '', 'Lube oil pressure engine inlet', 0, 0, 0, '', 0, 0, 0, 'bar', 0, 0, 0, 10, 3.6, 3.5, 7, 8, '', 0, 0, 0, '0', 0, 1, 0, 0, 0),
	(12322, 25, 2, 0, 'lo_p_tci', 'Lube oil pressure TC inlet', 0, 0, 0, '', 0, 0, 0, 'bar', 0, 0, 0, 0, 0, 0, 90, 100, '', 0, 0, 0, '0', 0, 1, 0, 0, 0),
	(12323, 25, 2, 0, '', 'Lube oil pressure TC inlet', 0, 0, 0, '', 0, 0, 0, 'bar', 0, 0, 0, 0, 0, 0, 90, 100, '', 0, 0, 0, '0', 0, 1, 0, 0, 0),
	(12324, 25, 2, 0, '', 'Lube oil service tank BB010 level', 0, 0, 0, '', 0, 0, 0, '%', 0, 0, 0, 100, 0, 0, 90, 95, '', 0, 0, 0, '0', 0, 1, 0, 0, 0),
	(12325, 25, 2, 0, '', 'Lube oil service tank BB010 level', 0, 0, 0, '', 0, 0, 0, '%', 0, 0, 0, 100, 0, 0, 90, 95, '', 0, 0, 0, '0', 0, 1, 0, 0, 0),
	(12326, 25, 2, 0, '', 'Lube oil temp. beh. xxMJV21AA030', 0, 0, 0, '', 0, 0, 0, 'C', 0, 0, 0, 0, 0, 0, 90, 100, '', 0, 0, 0, '0', 0, 1, 0, 0, 0),
	(12327, 25, 2, 0, '', 'Lube oil temp. behind TC', 0, 0, 0, '', 0, 0, 0, 'C', 0, 0, 0, 0, 0, 0, 90, 100, '', 0, 0, 0, '0', 0, 1, 0, 0, 0),
	(12328, 25, 2, 0, '', 'Lube oil temp. behind TC', 0, 0, 0, '', 0, 0, 0, 'C', 0, 0, 0, 0, 0, 0, 90, 100, '', 0, 0, 0, '0', 0, 1, 0, 0, 0),
	(12329, 25, 2, 0, '', 'Lube oil temp. engine inlet', 0, 0, 0, '', 0, 0, 0, 'C', 0, 0, 0, 100, 0, 0, 60, 65, '', 0, 0, 0, '0', 0, 1, 0, 0, 0),
	(12330, 25, 2, 0, '', 'Lube oil temp. engine inlet', 0, 0, 0, '', 0, 0, 0, 'C', 0, 0, 0, 100, 0, 0, 60, 65, '', 0, 0, 0, '0', 0, 1, 0, 0, 0),
	(12331, 25, 2, 0, '', 'Lube oil temp. engine inlet', 0, 0, 0, '', 0, 0, 0, 'C', 0, 0, 0, 100, 0, 0, 60, 65, '', 0, 0, 0, '0', 0, 1, 0, 0, 0),
	(12332, 25, 2, 0, '', 'Lube oil temp. inlet xxMJV21AC011', 0, 0, 0, '', 0, 0, 0, 'C', 0, 0, 0, 0, 0, 0, 90, 100, '', 0, 0, 0, '0', 0, 1, 0, 0, 0),
	(12333, 25, 2, 0, '', 'Lube oil temp. outlet xxMJV21AC011', 0, 0, 0, '', 0, 0, 0, 'C', 0, 0, 0, 0, 0, 0, 90, 100, '', 0, 0, 0, '0', 0, 1, 0, 0, 0),
	(12334, 25, 2, 0, '', 'Lube oil temp. regulation actual controller output', 0, 0, 0, '', 0, 0, 0, 'C', 0, 0, 0, 0, 0, 0, 90, 100, '', 0, 0, 0, '0', 0, 1, 0, 0, 0),
	(12335, 25, 2, 0, '', 'Lube oil temp. regulation actual nominal value', 0, 0, 0, '', 0, 0, 0, 'C', 0, 0, 70, 100, 0, 0, 0, 90, '', 0, 0, 0, '0', 0, 1, 0, 0, 0),
	(12336, 29, 2, 0, 'ncw_ei', 'Nozzle c.w. pressure engine inlet', 0, 0, 0, '', 0, 0, 0, 'bar', 0, 0, 0, 6, 3, 2.8, 4, 4.5, '', 0, 0, 0, '0', 0, 1, 0, 0, 0),
	(12337, 29, 2, 0, '', 'Nozzle c.w. temp. beh. 01MJA10AG010', 0, 0, 0, '', 0, 0, 0, 'C', 0, 0, 0, 120, 50, 20, 80, 95, '', 0, 0, 0, '0', 0, 1, 0, 0, 0),
	(12338, 2, 2, 0, '', 'Pos. transm. at steam control valve', 0, 0, 0, '', 0, 0, 0, '', 0, 0, 0, 0, 0, 0, 90, 100, '', 0, 0, 0, '0', 0, 1, 0, 0, 0),
	(12339, 24, 2, 0, '', 'Pressure charge air before cyl. A', 0, 0, 0, '', 0, 0, 0, 'bar', 0, 0, 0, 5, 2.5, 2.5, 3.3, 3.5, '', 0, 0, 0, '0', 0, 1, 0, 0, 0),
	(12340, 24, 2, 0, '', 'Pressure charge air before cyl. B', 0, 0, 0, '', 0, 0, 0, 'bar', 0, 0, 0, 5, 2.5, 2.5, 3.3, 3.5, '', 0, 0, 0, '0', 0, 1, 0, 0, 0),
	(12341, 24, 2, 0, 'ca_p_ei', 'Pressure charge air behind cooler', 0, 0, 0, '', 0, 0, 0, 'bar', 0, 0, 0, 5, 2.5, 2.5, 3.2, 3.3, '', 0, 0, 0, '0', 0, 1, 0, 0, 0),
	(12342, 2, 2, 0, '', 'Pressure intake air', 0, 0, 0, '', 0, 0, 0, 'bar', 0, 0, -10, 0, -9, -8, -6, -5, '', 0, 0, 0, '0', 0, 1, 0, 0, 0),
	(12343, 51, 2, 0, 'kwh', 'Produced total actvie power from generator', 0, 0, 0, '', 0, 0, 0, 'kW', 0, 0, 0, 0, 0, 0, 90, 100, '', 0, 0, 0, '0', 0, 1, 0, 0, 0),
	(12344, 51, 2, 0, '', 'Produced total reactvie power from generator', 0, 0, 0, '', 0, 0, 0, 'kVAr', 0, 0, 0, 0, 0, 0, 90, 100, '', 0, 0, 0, '0', 0, 1, 0, 0, 0),
	(12345, 51, 2, 0, 'kvar', 'Reactive generator power', 0, 0, 0, '', 0, 0, 0, 'kVAr', 0, 0, 0, 100, 0, 0, 90, 100, '', 0, 0, 0, '0', 0, 1, 0, 0, 0),
	(12346, 2, 2, 0, '', 'Remote pos. CHATCO c.w. control valve', 0, 0, 0, '', 0, 0, 0, '', 0, 0, 0, 0, 0, 0, 90, 100, '', 0, 0, 0, '0', 0, 1, 0, 0, 0),
	(12347, 27, 2, 0, '', 'Remote pos. HT c.w. control valve', 0, 0, 0, '', 0, 0, 0, '', 0, 0, 0, 0, 0, 0, 90, 100, '', 0, 0, 0, '0', 0, 1, 0, 0, 0),
	(12348, 25, 2, 0, '', 'Remote pos. Lube oil temp. contr. valve', 0, 0, 0, '', 0, 0, 0, '', 0, 0, 0, 0, 0, 0, 110, 115, '', 0, 0, 0, '0', 0, 1, 0, 0, 0),
	(12349, 25, 2, 0, '', 'Remote pos. lube oil temp. contr. valve', 0, 0, 0, '', 0, 0, 0, '', 0, 0, 0, 0, 0, 0, 90, 100, '', 0, 0, 0, '0', 0, 1, 0, 0, 0),
	(12350, 50, 2, 0, '', 'Splash oil mean temperature', 0, 0, 0, '', 0, 0, 0, 'C', 0, 0, 0, 0, 0, 0, 90, 100, '', 0, 0, 0, '0', 0, 1, 0, 0, 0),
	(12351, 50, 2, 0, '', 'Splashoil deviation temp. rod bearing 1', 0, 0, 0, '', 0, 0, 0, 'C', 0, 0, -10, 10, -2, -3, 2, 3, '', 0, 0, 0, '0', 0, 1, 0, 0, 0),
	(12352, 50, 2, 0, '', 'Splashoil deviation temp. rod bearing 2', 0, 0, 0, '', 0, 0, 0, 'C', 0, 0, -10, 10, -2, -3, 2, 3, '', 0, 0, 0, '0', 0, 1, 0, 0, 0),
	(12353, 50, 2, 0, '', 'Splashoil deviation temp. rod bearing 3', 0, 0, 0, '', 0, 0, 0, 'C', 0, 0, -10, 10, -2, -3, 2, 3, '', 0, 0, 0, '0', 0, 1, 0, 0, 0),
	(12354, 50, 2, 0, '', 'Splashoil deviation temp. rod bearing 4', 0, 0, 0, '', 0, 0, 0, 'C', 0, 0, -10, 10, -2, -3, 2, 3, '', 0, 0, 0, '0', 0, 1, 0, 0, 0),
	(12355, 50, 2, 0, '', 'Splashoil deviation temp. rod bearing 5', 0, 0, 0, '', 0, 0, 0, 'C', 0, 0, -10, 10, -2, -3, 2, 3, '', 0, 0, 0, '0', 0, 1, 0, 0, 0),
	(12356, 50, 2, 0, '', 'Splashoil deviation temp. rod bearing 6', 0, 0, 0, '', 0, 0, 0, 'C', 0, 0, -10, 10, -2, -3, 2, 3, '', 0, 0, 0, '0', 0, 1, 0, 0, 0),
	(12357, 50, 2, 0, '', 'Splashoil deviation temp. rod bearing 7', 0, 0, 0, '', 0, 0, 0, 'C', 0, 0, -10, 10, -2, -3, 2, 3, '', 0, 0, 0, '0', 0, 1, 0, 0, 0),
	(12358, 50, 2, 0, '', 'Splashoil deviation temp. rod bearing 8', 0, 0, 0, '', 0, 0, 0, 'C', 0, 0, -10, 10, -2, -3, 2, 3, '', 0, 0, 0, '0', 0, 1, 0, 0, 0),
	(12359, 50, 2, 0, '', 'Splashoil deviation temp. rod bearing 9', 0, 0, 0, '', 0, 0, 0, 'C', 0, 0, -10, 10, -2, -3, 2, 3, '', 0, 0, 0, '0', 0, 1, 0, 0, 0),
	(12360, 50, 2, 0, '', 'Splashoil temp. rod bearing 1', 0, 0, 0, '', 0, 0, 0, 'C', 0, 0, 0, 100, 0, 0, 72, 75, '', 0, 0, 0, '0', 0, 1, 0, 0, 0),
	(12361, 50, 2, 0, '', 'Splashoil temp. rod bearing 2', 0, 0, 0, '', 0, 0, 0, 'C', 0, 0, 0, 100, 0, 0, 72, 75, '', 0, 0, 0, '0', 0, 1, 0, 0, 0),
	(12362, 50, 2, 0, '', 'Splashoil temp. rod bearing 3', 0, 0, 0, '', 0, 0, 0, 'C', 0, 0, 0, 100, 0, 0, 72, 75, '', 0, 0, 0, '0', 0, 1, 0, 0, 0),
	(12363, 50, 2, 0, '', 'Splashoil temp. rod bearing 4', 0, 0, 0, '', 0, 0, 0, 'C', 0, 0, 0, 100, 0, 0, 72, 75, '', 0, 0, 0, '0', 0, 1, 0, 0, 0),
	(12364, 50, 2, 0, '', 'Splashoil temp. rod bearing 5', 0, 0, 0, '', 0, 0, 0, 'C', 0, 0, 0, 100, 0, 0, 72, 75, '', 0, 0, 0, '0', 0, 1, 0, 0, 0),
	(12365, 50, 2, 0, '', 'Splashoil temp. rod bearing 6', 0, 0, 0, '', 0, 0, 0, 'C', 0, 0, 0, 100, 0, 0, 72, 75, '', 0, 0, 0, '0', 0, 1, 0, 0, 0),
	(12366, 50, 2, 0, '', 'Splashoil temp. rod bearing 7', 0, 0, 0, '', 0, 0, 0, 'C', 0, 0, 0, 100, 0, 0, 72, 75, '', 0, 0, 0, '0', 0, 1, 0, 0, 0),
	(12367, 50, 2, 0, '', 'Splashoil temp. rod bearing 8', 0, 0, 0, '', 0, 0, 0, 'C', 0, 0, 0, 100, 0, 0, 72, 75, '', 0, 0, 0, '0', 0, 1, 0, 0, 0),
	(12368, 50, 2, 0, '', 'Splashoil temp. rod bearing 9', 0, 0, 0, '', 0, 0, 0, 'C', 0, 0, 0, 100, 0, 0, 72, 75, '', 0, 0, 0, '0', 0, 1, 0, 0, 0),
	(12369, 23, 2, 0, 'sta_p', 'Starting air pressure', 0, 0, 0, '', 0, 0, 0, 'bar', 0, 0, 0, 40, 12, 10, 29, 35, '', 0, 0, 0, '0', 0, 1, 0, 0, 0),
	(12370, 24, 2, 0, '', 'Temp. charge air beh. cooler TC A', 0, 0, 0, '', 0, 0, 0, 'C', 0, 0, 0, 100, 50, 50, 72, 75, '', 0, 0, 0, '0', 0, 1, 0, 0, 0),
	(12371, 24, 2, 0, '', 'Temp. charge air beh. cooler TC A', 0, 0, 0, '', 0, 0, 0, 'C', 0, 0, 0, 100, 50, 50, 72, 75, '', 0, 0, 0, '0', 0, 1, 0, 0, 0),
	(12372, 24, 2, 0, '', 'Temp. charge air beh. cooler TC B', 0, 0, 0, '', 0, 0, 0, 'C', 0, 0, 0, 100, 45, 40, 72, 75, '', 0, 0, 0, '0', 0, 1, 0, 0, 0),
	(12373, 24, 2, 0, '', 'Temp. charge air cooler inlet', 0, 0, 0, '', 0, 0, 0, 'C', 0, 0, 0, 100, 30, 25, 72, 75, '', 0, 0, 0, '0', 0, 1, 0, 0, 0),
	(12374, 24, 2, 0, '', 'Temp. charge air TC A outlet', 0, 0, 0, '', 0, 0, 0, 'C', 0, 0, 0, 300, 50, 50, 230, 250, '', 0, 0, 0, '0', 0, 1, 0, 0, 0),
	(12375, 24, 2, 0, '', 'Temp. charge air TC B outlet', 0, 0, 0, '', 0, 0, 0, 'C', 0, 0, 0, 300, 50, 50, 230, 250, '', 0, 0, 0, '0', 0, 1, 0, 0, 0),
	(12376, 27, 2, 0, '', 'Temp. HT c.w. charge air cooler inlet', 0, 0, 0, '', 0, 0, 0, 'C', 0, 0, 0, 0, 0, 0, 90, 100, '', 0, 0, 0, '0', 0, 1, 0, 0, 0),
	(12377, 27, 2, 0, '', 'Temp. HT c.w. engine inlet', 0, 0, 0, '', 0, 0, 0, 'C', 0, 0, 50, 100, 70, 75, 90, 97, '', 0, 0, 0, '0', 0, 1, 0, 0, 0),
	(12378, 27, 2, 0, '', 'Temp. HT c.w. engine outlet', 0, 0, 0, '', 0, 0, 0, 'C', 0, 0, 0, 120, 0, 0, 95, 98, '', 0, 0, 0, '0', 0, 1, 0, 0, 0),
	(12379, 27, 2, 0, '', 'Temp. HT c.w. engine outlet', 0, 0, 0, '', 0, 0, 0, 'C', 0, 0, 0, 120, 0, 0, 95, 98, '', 0, 0, 0, '0', 0, 1, 0, 0, 0),
	(12380, 27, 2, 0, '', 'Temp. HT c.w. engine outlet', 0, 0, 0, '', 0, 0, 0, 'C', 0, 0, 0, 120, 0, 0, 95, 98, '', 0, 0, 0, '0', 0, 1, 0, 0, 0),
	(12381, 2, 2, 0, '', 'Temp. in terminal box on engine', 0, 0, 0, '', 0, 0, 0, 'C', 0, 0, 0, 0, 0, 0, 90, 100, '', 0, 0, 0, '0', 0, 1, 0, 0, 0),
	(12382, 2, 2, 0, '', 'Temp. in terminal box on engine', 0, 0, 0, '', 0, 0, 0, 'C', 0, 0, 0, 0, 0, 0, 90, 100, '', 0, 0, 0, '0', 0, 1, 0, 0, 0),
	(12383, 2, 2, 0, '', 'Temp. intake air before compressor', 0, 0, 0, '', 0, 0, 0, 'C', 0, 0, 0, 100, 15, 15, 35, 40, '', 0, 0, 0, '0', 0, 1, 0, 0, 0),
	(12384, 29, 2, 0, '', 'Temp. nozzle c.w. engine inlet', 0, 0, 0, '', 0, 0, 0, 'C', 0, 0, 0, 120, 35, 20, 95, 100, '', 0, 0, 0, '0', 0, 1, 0, 0, 0),
	(12385, 2, 2, 0, '', 'Turbo charger speed', 0, 0, 0, '', 0, 0, 0, 'rpm', 0, 0, 0, 15000, 10000, 9000, 11000, 12000, '', 0, 0, 0, '0', 0, 1, 0, 0, 0),
	(12386, 2, 2, 0, '', 'Viscosity transmitter', 0, 0, 0, '', 0, 0, 0, 'cST', 0, 0, 0, 20, 2, 1, 15, 17, '', 0, 0, 0, '0', 0, 1, 0, 0, 0),
	(12387, 2, 2, 0, '', 'Warm up ramp for engine load in %', 0, 0, 0, '', 0, 0, 0, '%', 0, 0, 0, 0, 0, 0, 90, 100, '', 0, 0, 0, '0', 0, 1, 0, 0, 0),
	(12388, 59, 3, 0, 'kw_p', 'Active generator power in %', 0, 0, 0, '', 0, 0, 0, '%', 0, 0, 0, 100, 20, 10, 97, 99, '', 0, 0, 0, '0', 0, 1, 0, 0, 0),
	(12389, 59, 3, 0, 'kw', 'Active generator power in MW', 0, 0, 0, '', 0, 0, 0, 'MW', 0, 0, 0, 20, 6, 5, 19, 20, '', 0, 0, 0, '0', 0, 1, 0, 0, 0),
	(12390, 3, 3, 0, '', 'Actual load setpoint for gen.-set in MW', 0, 0, 0, '', 0, 0, 0, 'MW', 0, 0, 0, 0, 0, 0, 90, 100, '', 0, 0, 0, '0', 0, 1, 0, 0, 0),
	(12391, 3, 3, 0, '', 'Actual permitted electrical gen.-set load in %', 0, 0, 0, '', 0, 0, 0, '%', 0, 0, 0, 0, 0, 0, 90, 100, '', 0, 0, 0, '0', 0, 1, 0, 0, 0),
	(12392, 59, 3, 0, '', 'Apparent generator power', 0, 0, 0, '', 0, 0, 0, 'VA', 0, 0, 0, 0, 0, 0, 90, 100, '', 0, 0, 0, '0', 0, 1, 0, 0, 0),
	(12393, 65, 3, 0, '', 'Busbar voltage L1-L2 (Blocktrafo lower side)', 0, 0, 0, '', 0, 0, 0, 'kV', 0, 0, 0, 12, 0, 10.5, 11.8, 0, '', 0, 0, 0, '0', 0, 1, 0, 0, 0),
	(12394, 65, 3, 0, '', 'Busbar voltage L1-L2 (Blocktrafo upper side)', 0, 0, 0, '', 0, 0, 0, 'kV', 0, 0, 0, 0, 0, 0, 90, 100, '', 0, 0, 0, '0', 0, 1, 0, 0, 0),
	(12395, 65, 3, 0, '', 'Busbar voltage L2-L3 (Blocktrafo lower side)', 0, 0, 0, '', 0, 0, 0, 'kV', 0, 0, 0, 12, 0, 10.5, 11.5, 0, '', 0, 0, 0, '0', 0, 1, 0, 0, 0),
	(12396, 65, 3, 0, '', 'Busbar voltage L2-L3 (Blocktrafo upper side)', 0, 0, 0, '', 0, 0, 0, 'kV', 0, 0, 0, 0, 0, 0, 90, 100, '', 0, 0, 0, '0', 0, 1, 0, 0, 0),
	(12397, 65, 3, 0, '', 'Busbar voltage L3-L1 (Blocktrafo lower side)', 0, 0, 0, '', 0, 0, 0, 'kV', 0, 0, 0, 12, 0, 10.5, 11.5, 0, '', 0, 0, 0, '0', 0, 1, 0, 0, 0),
	(12398, 65, 3, 0, '', 'Busbar voltage L3-L1 (Blocktrafo upper side)', 0, 0, 0, '', 0, 0, 0, 'kV', 0, 0, 0, 0, 0, 0, 90, 100, '', 0, 0, 0, '0', 0, 1, 0, 0, 0),
	(12399, 3, 3, 0, '', 'CHATCO regulation actual controller output', 0, 0, 0, '', 0, 0, 0, '', 0, 0, 0, 0, 0, 0, 90, 100, '', 0, 0, 0, '0', 0, 1, 0, 0, 0),
	(12400, 3, 3, 0, '', 'CHATCO regulation actual nominal value', 0, 0, 0, '', 0, 0, 0, '', 0, 0, 0, 0, 0, 0, 90, 100, '', 0, 0, 0, '0', 0, 1, 0, 0, 0),
	(12401, 55, 3, 0, 'cna_p', 'Control air pressure', 0, 0, 0, '', 0, 0, 0, 'bar', 0, 0, 0, 12, 5.5, 4.5, 7.5, 10, '', 0, 0, 0, '0', 0, 1, 0, 0, 0),
	(12402, 3, 3, 0, '', 'Differ. pres. transm. xxMJQ61AT010', 0, 0, 0, '', 0, 0, 0, 'bar', 0, 0, 0, 0, 0, 0, 90, 100, '', 0, 0, 0, '0', 0, 1, 0, 0, 0),
	(12403, 3, 3, 0, '', 'EAP-JB cabinet temperature', 0, 0, 0, '', 0, 0, 0, 'C', 0, 0, 0, 0, 0, 0, 90, 100, '', 0, 0, 0, '0', 0, 1, 0, 0, 0),
	(12404, 3, 3, 0, '', 'ECP cabinet temperature', 0, 0, 0, '', 0, 0, 0, 'C', 0, 0, 0, 0, 0, 0, 90, 100, '', 0, 0, 0, '0', 0, 1, 0, 0, 0),
	(12405, 3, 3, 0, '', 'EM300 actuator position', 0, 0, 0, '', 0, 0, 0, '', 0, 0, 0, 0, 0, 0, 90, 100, '', 0, 0, 0, '0', 0, 1, 0, 0, 0),
	(12406, 55, 3, 0, '', 'Emergency air pressure', 0, 0, 0, '', 0, 0, 0, 'bar', 0, 0, 0, 4.5, 2.5, 2, 3.2, 4, '', 0, 0, 0, '0', 0, 1, 0, 0, 0),
	(12407, 3, 3, 0, '', 'Engine ambient temperature', 0, 0, 0, '', 0, 0, 0, 'C', 0, 0, 0, 100, 15, 15, 40, 45, '', 0, 0, 0, '0', 0, 1, 0, 0, 0),
	(12408, 53, 3, 0, '', 'Engine main bearing temp. I', 0, 0, 0, '', 0, 0, 0, 'C', 0, 0, 0, 0, 0, 0, 90, 100, '', 0, 0, 0, '0', 0, 1, 0, 0, 0),
	(12409, 53, 3, 0, '', 'Engine main bearing temp. II', 0, 0, 0, '', 0, 0, 0, 'C', 0, 0, 0, 0, 0, 0, 90, 100, '', 0, 0, 0, '0', 0, 1, 0, 0, 0),
	(12410, 53, 3, 0, '', 'Engine main bearing temp. III', 0, 0, 0, '', 0, 0, 0, 'C', 0, 0, 0, 0, 0, 0, 90, 100, '', 0, 0, 0, '0', 0, 1, 0, 0, 0),
	(12411, 53, 3, 0, '', 'Engine main bearing temp. IV', 0, 0, 0, '', 0, 0, 0, 'C', 0, 0, 0, 0, 0, 0, 90, 100, '', 0, 0, 0, '0', 0, 1, 0, 0, 0),
	(12412, 53, 3, 0, '', 'Engine main bearing temp. IX', 0, 0, 0, '', 0, 0, 0, 'C', 0, 0, 0, 0, 0, 0, 90, 100, '', 0, 0, 0, '0', 0, 1, 0, 0, 0),
	(12413, 53, 3, 0, '', 'Engine main bearing temp. OI', 0, 0, 0, '', 0, 0, 0, 'C', 0, 0, 0, 0, 0, 0, 90, 100, '', 0, 0, 0, '0', 0, 1, 0, 0, 0),
	(12414, 53, 3, 0, '', 'Engine main bearing temp. V', 0, 0, 0, '', 0, 0, 0, 'C', 0, 0, 0, 0, 0, 0, 90, 100, '', 0, 0, 0, '0', 0, 1, 0, 0, 0),
	(12415, 53, 3, 0, '', 'Engine main bearing temp. VI', 0, 0, 0, '', 0, 0, 0, 'C', 0, 0, 0, 0, 0, 0, 90, 100, '', 0, 0, 0, '0', 0, 1, 0, 0, 0),
	(12416, 53, 3, 0, '', 'Engine main bearing temp. VII', 0, 0, 0, '', 0, 0, 0, 'C', 0, 0, 0, 0, 0, 0, 90, 100, '', 0, 0, 0, '0', 0, 1, 0, 0, 0),
	(12417, 53, 3, 0, '', 'Engine main bearing temp. VIII', 0, 0, 0, '', 0, 0, 0, 'C', 0, 0, 0, 0, 0, 0, 90, 100, '', 0, 0, 0, '0', 0, 1, 0, 0, 0),
	(12418, 53, 3, 0, '', 'Engine main bearing temp. X', 0, 0, 0, '', 0, 0, 0, 'C', 0, 0, 0, 0, 0, 0, 90, 100, '', 0, 0, 0, '0', 0, 1, 0, 0, 0),
	(12419, 3, 3, 0, 'rpm', 'Engine speed', 0, 0, 0, '', 0, 0, 0, 'rpm', 0, 0, 0, 600, 495, 490, 505, 510, '', 0, 0, 0, '0', 0, 1, 0, 0, 0),
	(12420, 54, 3, 0, '', 'Exhaust gas deviation temp. cyl. A1', 0, 0, 0, '', 0, 0, 0, 'C', 0, 0, -500, 500, -20, -25, 20, 25, '', 0, 0, 0, '0', 0, 1, 0, 0, 0),
	(12421, 54, 3, 0, '', 'Exhaust gas deviation temp. cyl. A2', 0, 0, 0, '', 0, 0, 0, 'C', 0, 0, -500, 500, -20, -25, 20, 25, '', 0, 0, 0, '0', 0, 1, 0, 0, 0),
	(12422, 54, 3, 0, '', 'Exhaust gas deviation temp. cyl. A3', 0, 0, 0, '', 0, 0, 0, 'C', 0, 0, -500, 500, -20, -25, 20, 25, '', 0, 0, 0, '0', 0, 1, 0, 0, 0),
	(12423, 54, 3, 0, '', 'Exhaust gas deviation temp. cyl. A4', 0, 0, 0, '', 0, 0, 0, 'C', 0, 0, -500, 500, -20, -25, 20, 25, '', 0, 0, 0, '0', 0, 1, 0, 0, 0),
	(12424, 54, 3, 0, '', 'Exhaust gas deviation temp. cyl. A5', 0, 0, 0, '', 0, 0, 0, 'C', 0, 0, -500, 500, -20, -25, 20, 25, '', 0, 0, 0, '0', 0, 1, 0, 0, 0),
	(12425, 54, 3, 0, '', 'Exhaust gas deviation temp. cyl. A6', 0, 0, 0, '', 0, 0, 0, 'C', 0, 0, -500, 500, -20, -25, 20, 25, '', 0, 0, 0, '0', 0, 1, 0, 0, 0),
	(12426, 54, 3, 0, '', 'Exhaust gas deviation temp. cyl. A7', 0, 0, 0, '', 0, 0, 0, 'C', 0, 0, -500, 500, -20, -25, 20, 25, '', 0, 0, 0, '0', 0, 1, 0, 0, 0),
	(12427, 54, 3, 0, '', 'Exhaust gas deviation temp. cyl. A8', 0, 0, 0, '', 0, 0, 0, 'C', 0, 0, -500, 500, -20, -25, 20, 25, '', 0, 0, 0, '0', 0, 1, 0, 0, 0),
	(12428, 54, 3, 0, '', 'Exhaust gas deviation temp. cyl. B1', 0, 0, 0, '', 0, 0, 0, 'C', 0, 0, -500, 500, -20, -25, 20, 25, '', 0, 0, 0, '0', 0, 1, 0, 0, 0),
	(12429, 54, 3, 0, '', 'Exhaust gas deviation temp. cyl. B2', 0, 0, 0, '', 0, 0, 0, 'C', 0, 0, -500, 500, -20, -25, 20, 25, '', 0, 0, 0, '0', 0, 1, 0, 0, 0),
	(12430, 54, 3, 0, '', 'Exhaust gas deviation temp. cyl. B3', 0, 0, 0, '', 0, 0, 0, 'C', 0, 0, -500, 500, -20, -25, 20, 25, '', 0, 0, 0, '0', 0, 1, 0, 0, 0),
	(12431, 54, 3, 0, '', 'Exhaust gas deviation temp. cyl. B4', 0, 0, 0, '', 0, 0, 0, 'C', 0, 0, -500, 500, -20, -25, 20, 25, '', 0, 0, 0, '0', 0, 1, 0, 0, 0),
	(12432, 54, 3, 0, '', 'Exhaust gas deviation temp. cyl. B5', 0, 0, 0, '', 0, 0, 0, 'C', 0, 0, -500, 500, -20, -25, 20, 25, '', 0, 0, 0, '0', 0, 1, 0, 0, 0),
	(12433, 54, 3, 0, '', 'Exhaust gas deviation temp. cyl. B6', 0, 0, 0, '', 0, 0, 0, 'C', 0, 0, -500, 500, -20, -25, 20, 25, '', 0, 0, 0, '0', 0, 1, 0, 0, 0),
	(12434, 54, 3, 0, '', 'Exhaust gas deviation temp. cyl. B7', 0, 0, 0, '', 0, 0, 0, 'C', 0, 0, -500, 500, -20, -25, 20, 25, '', 0, 0, 0, '0', 0, 1, 0, 0, 0),
	(12435, 54, 3, 0, '', 'Exhaust gas deviation temp. cyl. B8', 0, 0, 0, '', 0, 0, 0, 'C', 0, 0, -500, 500, -20, -25, 20, 25, '', 0, 0, 0, '0', 0, 1, 0, 0, 0),
	(12436, 54, 3, 0, '', 'Exhaust gas deviation temp. cyl. B9', 0, 0, 0, '', 0, 0, 0, 'C', 0, 0, -500, 500, -20, -25, 20, 25, '', 0, 0, 0, '0', 0, 1, 0, 0, 0),
	(12437, 54, 3, 0, '', 'Exhaust gas mean temp. A-Bank', 0, 0, 0, '', 0, 0, 0, 'C', 0, 0, 0, 0, 0, 0, 90, 100, '', 0, 0, 0, '0', 0, 1, 0, 0, 0),
	(12438, 54, 3, 0, '', 'Exhaust gas mean temp. B-Bank', 0, 0, 0, '', 0, 0, 0, 'C', 0, 0, 0, 0, 0, 0, 90, 100, '', 0, 0, 0, '0', 0, 1, 0, 0, 0),
	(12439, 54, 3, 0, '', 'Exhaust gas temp. before TC', 0, 0, 0, '', 0, 0, 0, 'C', 0, 0, 0, 700, 400, 400, 560, 580, '', 0, 0, 0, '0', 0, 1, 0, 0, 0),
	(12440, 54, 3, 0, '', 'Exhaust gas temp. behind TC', 0, 0, 0, '', 0, 0, 0, 'C', 0, 0, 0, 600, 300, 300, 400, 420, '', 0, 0, 0, '0', 0, 1, 0, 0, 0),
	(12441, 54, 3, 0, '', 'Exhaust gas temp. cyl. A1', 0, 0, 0, '', 0, 0, 0, 'C', 0, 0, 0, 500, 100, 200, 480, 490, '', 0, 0, 0, '0', 0, 1, 0, 0, 0),
	(12442, 54, 3, 0, '', 'Exhaust gas temp. cyl. A1', 0, 0, 0, '', 0, 0, 0, 'C', 0, 0, 0, 500, 100, 200, 480, 490, '', 0, 0, 0, '0', 0, 1, 0, 0, 0),
	(12443, 54, 3, 0, '', 'Exhaust gas temp. cyl. A2', 0, 0, 0, '', 0, 0, 0, 'C', 0, 0, 0, 500, 100, 200, 480, 490, '', 0, 0, 0, '0', 0, 1, 0, 0, 0),
	(12444, 54, 3, 0, '', 'Exhaust gas temp. cyl. A3', 0, 0, 0, '', 0, 0, 0, 'C', 0, 0, 0, 500, 100, 200, 480, 490, '', 0, 0, 0, '0', 0, 1, 0, 0, 0),
	(12445, 54, 3, 0, '', 'Exhaust gas temp. cyl. A5', 0, 0, 0, '', 0, 0, 0, 'C', 0, 0, 0, 500, 100, 200, 480, 490, '', 0, 0, 0, '0', 0, 1, 0, 0, 0),
	(12446, 54, 3, 0, '', 'Exhaust gas temp. cyl. A6', 0, 0, 0, '', 0, 0, 0, 'C', 0, 0, 0, 500, 100, 200, 480, 490, '', 0, 0, 0, '0', 0, 1, 0, 0, 0),
	(12447, 54, 3, 0, '', 'Exhaust gas temp. cyl. A7', 0, 0, 0, '', 0, 0, 0, 'C', 0, 0, 0, 500, 100, 200, 480, 490, '', 0, 0, 0, '0', 0, 1, 0, 0, 0),
	(12448, 54, 3, 0, '', 'Exhaust gas temp. cyl. A7', 0, 0, 0, '', 0, 0, 0, 'C', 0, 0, 0, 500, 100, 200, 480, 490, '', 0, 0, 0, '0', 0, 1, 0, 0, 0),
	(12449, 54, 3, 0, '', 'Exhaust gas temp. cyl. A8', 0, 0, 0, '', 0, 0, 0, 'C', 0, 0, 0, 500, 100, 200, 480, 490, '', 0, 0, 0, '0', 0, 1, 0, 0, 0),
	(12450, 54, 3, 0, '', 'Exhaust gas temp. cyl. A9', 0, 0, 0, '', 0, 0, 0, 'C', 0, 0, 0, 500, 100, 200, 480, 490, '', 0, 0, 0, '0', 0, 1, 0, 0, 0),
	(12451, 54, 3, 0, '', 'Exhaust gas temp. cyl. B1', 0, 0, 0, '', 0, 0, 0, 'C', 0, 0, 0, 500, 100, 200, 480, 490, '', 0, 0, 0, '0', 0, 1, 0, 0, 0),
	(12452, 54, 3, 0, '', 'Exhaust gas temp. cyl. B2', 0, 0, 0, '', 0, 0, 0, 'C', 0, 0, 0, 500, 100, 200, 480, 490, '', 0, 0, 0, '0', 0, 1, 0, 0, 0),
	(12453, 54, 3, 0, '', 'Exhaust gas temp. cyl. B3', 0, 0, 0, '', 0, 0, 0, 'C', 0, 0, 0, 500, 100, 200, 480, 490, '', 0, 0, 0, '0', 0, 1, 0, 0, 0),
	(12454, 54, 3, 0, '', 'Exhaust gas temp. cyl. B4', 0, 0, 0, '', 0, 0, 0, 'C', 0, 0, 0, 500, 100, 200, 480, 490, '', 0, 0, 0, '0', 0, 1, 0, 0, 0),
	(12455, 54, 3, 0, '', 'Exhaust gas temp. cyl. B5', 0, 0, 0, '', 0, 0, 0, 'C', 0, 0, 0, 500, 100, 200, 480, 490, '', 0, 0, 0, '0', 0, 1, 0, 0, 0),
	(12456, 54, 3, 0, '', 'Exhaust gas temp. cyl. B6', 0, 0, 0, '', 0, 0, 0, 'C', 0, 0, 0, 500, 100, 200, 480, 490, '', 0, 0, 0, '0', 0, 1, 0, 0, 0),
	(12457, 54, 3, 0, '', 'Exhaust gas temp. cyl. B7', 0, 0, 0, '', 0, 0, 0, 'C', 0, 0, 0, 500, 100, 200, 480, 490, '', 0, 0, 0, '0', 0, 1, 0, 0, 0),
	(12458, 54, 3, 0, '', 'Exhaust gas temp. cyl. B8', 0, 0, 0, '', 0, 0, 0, 'C', 0, 0, 0, 500, 100, 200, 480, 490, '', 0, 0, 0, '0', 0, 1, 0, 0, 0),
	(12459, 54, 3, 0, '', 'Exhaust gas temp. cyl. B9', 0, 0, 0, '', 0, 0, 0, 'C', 0, 0, 0, 500, 100, 200, 480, 490, '', 0, 0, 0, '0', 0, 1, 0, 0, 0),
	(12460, 66, 3, 0, 'fo_p_ei', 'Fuel oil pressure engine inlet', 0, 0, 0, '', 0, 0, 0, 'bar', 0, 0, 0, 0, 0, 0, 90, 100, '', 0, 0, 0, '0', 0, 1, 0, 0, 0),
	(12461, 66, 3, 0, '', 'Fuel oil temperature engine inlet', 0, 0, 0, '', 0, 0, 0, 'C', 0, 0, 110, 160, 110, 115, 140, 150, '', 0, 0, 0, '0', 0, 1, 0, 0, 0),
	(12462, 66, 3, 0, '', 'Fuel rack position', 0, 0, 0, '', 0, 0, 0, '', 0, 0, 0, 0, 0, 0, 110, 115, '', 0, 0, 0, '0', 0, 1, 0, 0, 0),
	(12463, 3, 3, 0, '', 'GCP panel temperature', 0, 0, 0, '', 0, 0, 0, 'C', 0, 0, 0, 100, 0, 0, 40, 60, '', 0, 0, 0, '0', 0, 1, 0, 0, 0),
	(12464, 42, 3, 0, '', 'Gen. bearing temp. shell DE', 0, 0, 0, '', 0, 0, 0, 'C', 0, 0, 0, 0, 0, 0, 90, 100, '', 0, 0, 0, '0', 0, 1, 0, 0, 0),
	(12465, 42, 3, 0, '', 'Gen. bearing temp. shell NDE', 0, 0, 0, '', 0, 0, 0, 'C', 0, 0, 0, 0, 0, 0, 90, 100, '', 0, 0, 0, '0', 0, 1, 0, 0, 0),
	(12466, 63, 3, 0, '', 'Gen. winding temp. U', 0, 0, 0, '', 0, 0, 0, 'C', 0, 0, -1, 150, 0, 0, 125, 135, '', 0, 0, 0, '0', 0, 1, 0, 0, 0),
	(12467, 63, 3, 0, '', 'Gen. winding temp. V', 0, 0, 0, '', 0, 0, 0, 'C', 0, 0, -1, 150, 0, 0, 125, 135, '', 0, 0, 0, '0', 0, 1, 0, 0, 0),
	(12468, 63, 3, 0, '', 'Gen. winding temp. W', 0, 0, 0, '', 0, 0, 0, 'C', 0, 0, -1, 150, 0, 0, 125, 135, '', 0, 0, 0, '0', 0, 1, 0, 0, 0),
	(12469, 59, 3, 0, '', 'Generator current phase L1', 0, 0, 0, '', 0, 0, 0, 'A', 0, 0, 0, 1500, 400, 400, 1000, 1100, '', 0, 0, 0, '0', 0, 1, 0, 0, 0),
	(12470, 59, 3, 0, '', 'Generator current phase L2', 0, 0, 0, '', 0, 0, 0, 'A', 0, 0, 0, 1500, 400, 400, 1000, 1100, '', 0, 0, 0, '0', 0, 1, 0, 0, 0),
	(12471, 59, 3, 0, '', 'Generator current phase L3', 0, 0, 0, '', 0, 0, 0, 'A', 0, 0, 0, 1500, 400, 400, 1000, 1100, '', 0, 0, 0, '0', 0, 1, 0, 0, 0),
	(12472, 59, 3, 0, 'freq', 'Generator frequency', 0, 0, 0, '', 0, 0, 0, 'Hz', 0, 0, 0, 53, 49, 48, 51, 52, '', 0, 0, 0, '0', 0, 1, 0, 0, 0),
	(12473, 59, 3, 0, 'PF', 'Generator power factor', 0, 0, 0, '', 0, 0, 0, '-', 0, 0, 0, 1, 0.8, 0.9, 1, 1, '', 0, 0, 0, '0', 0, 1, 0, 0, 0),
	(12474, 59, 3, 0, '', 'Generator voltage L1-L2', 0, 0, 0, '', 0, 0, 0, 'kV', 0, 0, 0, 12, 0, 10.5, 11.5, 0, '', 0, 0, 0, '0', 0, 1, 0, 0, 0),
	(12475, 59, 3, 0, '', 'Generator voltage L1-N', 0, 0, 0, '', 0, 0, 0, 'kV', 0, 0, 0, 0, 0, 0, 90, 100, '', 0, 0, 0, '0', 0, 1, 0, 0, 0),
	(12476, 59, 3, 0, '', 'Generator voltage L2-L3', 0, 0, 0, '', 0, 0, 0, 'kV', 0, 0, 0, 12, 0, 10.5, 11.5, 0, '', 0, 0, 0, '0', 0, 1, 0, 0, 0),
	(12477, 59, 3, 0, '', 'Generator voltage L2-N', 0, 0, 0, '', 0, 0, 0, 'kV', 0, 0, 0, 0, 0, 0, 90, 100, '', 0, 0, 0, '0', 0, 1, 0, 0, 0),
	(12478, 59, 3, 0, '', 'Generator voltage L3-L1', 0, 0, 0, '', 0, 0, 0, 'kV', 0, 0, 0, 12, 0, 10.5, 11.5, 0, '', 0, 0, 0, '0', 0, 1, 0, 0, 0),
	(12479, 59, 3, 0, '', 'Generator voltage L3-N', 0, 0, 0, '', 0, 0, 0, 'kV', 0, 0, 0, 0, 0, 0, 90, 100, '', 0, 0, 0, '0', 0, 1, 0, 0, 0),
	(12480, 60, 3, 0, 'ht_p_ei', 'HT c.w. pressure engine inlet', 0, 0, 0, '', 0, 0, 0, 'bar', 0, 0, 0, 6, 1.3, 1.2, 5, 5.5, '', 0, 0, 0, '0', 0, 1, 0, 0, 0),
	(12481, 60, 3, 0, '', 'HT c.w. pressure engine inlet', 0, 0, 0, '', 0, 0, 0, 'bar', 0, 0, 0, 6, 1.3, 1.2, 5, 5.5, '', 0, 0, 0, '0', 0, 1, 0, 0, 0),
	(12482, 60, 3, 0, '', 'HT c.w. regulation actual controller output', 0, 0, 0, '', 0, 0, 0, '', 0, 0, 0, 0, 0, 0, 90, 100, '', 0, 0, 0, '0', 0, 1, 0, 0, 0),
	(12483, 60, 3, 0, '', 'HT c.w. regulation actual nominal value', 0, 0, 0, '', 0, 0, 0, '', 0, 0, 0, 0, 0, 0, 90, 100, '', 0, 0, 0, '0', 0, 1, 0, 0, 0),
	(12484, 60, 3, 0, '', 'HT c.w. temp. bef. xxMJG32AC020', 0, 0, 0, '', 0, 0, 0, 'C', 0, 0, 0, 120, 80, 81, 95, 98, '', 0, 0, 0, '0', 0, 1, 0, 0, 0),
	(12485, 60, 3, 0, '', 'HT c.w. temp. beh. xxMJG31AA010', 0, 0, 0, '', 0, 0, 0, 'C', 0, 0, 0, 120, 0, 0, 70, 80, '', 0, 0, 0, '0', 0, 1, 0, 0, 0),
	(12486, 60, 3, 0, '', 'HT c.w. temp. beh. xxMJG32AC020', 0, 0, 0, '', 0, 0, 0, 'C', 0, 0, 0, 120, 0, 0, 50, 70, '', 0, 0, 0, '0', 0, 1, 0, 0, 0),
	(12487, 3, 3, 0, '', 'Intake air temp. xMJQ61AT010', 0, 0, 0, '', 0, 0, 0, 'C', 0, 0, 0, 100, 15, 15, 35, 40, '', 0, 0, 0, '0', 0, 1, 0, 0, 0),
	(12488, 3, 3, 0, '', 'Intake air temp. xMJQ61AT010', 0, 0, 0, '', 0, 0, 0, 'C', 0, 0, 0, 100, 15, 15, 35, 40, '', 0, 0, 0, '0', 0, 1, 0, 0, 0),
	(12489, 61, 3, 0, 'lt_p_cai', 'LT c.w. pressure behind xxMJA10AG010', 0, 0, 0, '', 0, 0, 0, 'bar', 0, 0, 0, 6, 3, 1.2, 4, 4.5, '', 0, 0, 0, '0', 0, 1, 0, 0, 0),
	(12490, 61, 3, 0, '', 'LT c.w. pressure engine inlet', 0, 0, 0, '', 0, 0, 0, 'bar', 0, 0, 0, 6, 3, 1.2, 4, 4.5, '', 0, 0, 0, '0', 0, 1, 0, 0, 0),
	(12491, 61, 3, 0, '', 'LT c.w. temp. before xxMJG32AC020', 0, 0, 0, '', 0, 0, 0, 'C', 0, 0, 0, 120, 20, 30, 55, 60, '', 0, 0, 0, '0', 0, 1, 0, 0, 0),
	(12492, 61, 3, 0, '', 'LT c.w. temp. behind xxMJA10AG010', 0, 0, 0, '', 0, 0, 0, 'C', 0, 0, 20, 50, 30, 28, 40, 45, '', 0, 0, 0, '0', 0, 1, 0, 0, 0),
	(12493, 57, 3, 0, '', 'Lube oil  temp. inlet xxMJV21AT011', 0, 0, 0, '', 0, 0, 0, 'C', 0, 0, 0, 0, 0, 0, 20, 0, '', 0, 0, 0, '0', 0, 1, 0, 0, 0),
	(12494, 57, 3, 0, '', 'Lube oil consumption counter', 0, 0, 0, '', 0, 0, 0, '', 0, 0, 0, 1000000000, 0, 0, 1000000000, 1000000000, '', 0, 0, 0, '0', 0, 1, 0, 0, 0),
	(12495, 57, 3, 0, '', 'Lube oil pressure engine inlet', 0, 0, 0, '', 0, 0, 0, 'bar', 0, 0, 0, 10, 3.6, 3.5, 7, 8, '', 0, 0, 0, '0', 0, 1, 0, 0, 0),
	(12496, 57, 3, 0, '', 'Lube oil pressure engine inlet', 0, 0, 0, '', 0, 0, 0, 'bar', 0, 0, 0, 10, 3.6, 3.5, 7, 8, '', 0, 0, 0, '0', 0, 1, 0, 0, 0),
	(12497, 57, 3, 0, 'lo_p_tci', 'Lube oil pressure TC inlet', 0, 0, 0, '', 0, 0, 0, 'bar', 0, 0, 0, 0, 0, 0, 90, 100, '', 0, 0, 0, '0', 0, 1, 0, 0, 0),
	(12498, 57, 3, 0, '', 'Lube oil pressure TC inlet', 0, 0, 0, '', 0, 0, 0, 'bar', 0, 0, 0, 0, 0, 0, 90, 100, '', 0, 0, 0, '0', 0, 1, 0, 0, 0),
	(12499, 57, 3, 0, '', 'Lube oil service tank BB010 level', 0, 0, 0, '', 0, 0, 0, 'mbar', 0, 0, 0, 100, 0, 0, 90, 95, '', 0, 0, 0, '0', 0, 1, 0, 0, 0),
	(12500, 57, 3, 0, '', 'Lube oil service tank BB010 level', 0, 0, 0, '', 0, 0, 0, 'mbar', 0, 0, 0, 100, 0, 0, 90, 95, '', 0, 0, 0, '0', 0, 1, 0, 0, 0),
	(12501, 57, 3, 0, '', 'Lube oil temp. beh. xxMJV21AA030', 0, 0, 0, '', 0, 0, 0, 'C', 0, 0, 0, 0, 0, 0, 90, 100, '', 0, 0, 0, '0', 0, 1, 0, 0, 0),
	(12502, 57, 3, 0, '', 'Lube oil temp. behind TC', 0, 0, 0, '', 0, 0, 0, 'C', 0, 0, 0, 0, 0, 0, 90, 100, '', 0, 0, 0, '0', 0, 1, 0, 0, 0),
	(12503, 57, 3, 0, '', 'Lube oil temp. behind TC', 0, 0, 0, '', 0, 0, 0, 'C', 0, 0, 0, 0, 0, 0, 90, 100, '', 0, 0, 0, '0', 0, 1, 0, 0, 0),
	(12504, 57, 3, 0, '', 'Lube oil temp. engine inlet', 0, 0, 0, '', 0, 0, 0, 'C', 0, 0, 0, 100, 0, 0, 60, 65, '', 0, 0, 0, '0', 0, 1, 0, 0, 0),
	(12505, 57, 3, 0, '', 'Lube oil temp. engine inlet', 0, 0, 0, '', 0, 0, 0, 'C', 0, 0, 0, 100, 0, 0, 60, 65, '', 0, 0, 0, '0', 0, 1, 0, 0, 0),
	(12506, 57, 3, 0, '', 'Lube oil temp. engine inlet', 0, 0, 0, '', 0, 0, 0, 'C', 0, 0, 0, 100, 0, 0, 60, 65, '', 0, 0, 0, '0', 0, 1, 0, 0, 0),
	(12507, 57, 3, 0, '', 'Lube oil temp. inlet xxMJV21AC011', 0, 0, 0, '', 0, 0, 0, 'C', 0, 0, 0, 0, 0, 0, 90, 100, '', 0, 0, 0, '0', 0, 1, 0, 0, 0),
	(12508, 57, 3, 0, '', 'Lube oil temp. outlet xxMJV21AC011', 0, 0, 0, '', 0, 0, 0, 'C', 0, 0, 0, 0, 0, 0, 90, 100, '', 0, 0, 0, '0', 0, 1, 0, 0, 0),
	(12509, 57, 3, 0, '', 'Lube oil temp. regulation actual controller output', 0, 0, 0, '', 0, 0, 0, 'C', 0, 0, 0, 0, 0, 0, 90, 100, '', 0, 0, 0, '0', 0, 1, 0, 0, 0),
	(12510, 57, 3, 0, '', 'Lube oil temp. regulation actual nominal value', 0, 0, 0, '', 0, 0, 0, 'C', 0, 0, 70, 100, 0, 0, 0, 90, '', 0, 0, 0, '0', 0, 1, 0, 0, 0),
	(12511, 62, 3, 0, 'ncw_ei', 'Nozzle c.w. pressure engine inlet', 0, 0, 0, '', 0, 0, 0, 'bar', 0, 0, 0, 6, 3, 2.8, 4, 4.5, '', 0, 0, 0, '0', 0, 1, 0, 0, 0),
	(12512, 62, 3, 0, '', 'Nozzle c.w. temp. beh. 01MJA10AG010', 0, 0, 0, '', 0, 0, 0, 'C', 0, 0, 0, 120, 50, 20, 80, 95, '', 0, 0, 0, '0', 0, 1, 0, 0, 0),
	(12513, 3, 3, 0, '', 'Pos. transm. at steam control valve', 0, 0, 0, '', 0, 0, 0, '', 0, 0, 0, 0, 0, 0, 90, 100, '', 0, 0, 0, '0', 0, 1, 0, 0, 0),
	(12514, 56, 3, 0, '', 'Pressure charge air before cyl. A', 0, 0, 0, '', 0, 0, 0, 'bar', 0, 0, 0, 5, 2.5, 2.5, 3.2, 3.5, '', 0, 0, 0, '0', 0, 1, 0, 0, 0),
	(12515, 56, 3, 0, '', 'Pressure charge air before cyl. B', 0, 0, 0, '', 0, 0, 0, 'bar', 0, 0, 0, 5, 2.5, 2.5, 3.2, 3.5, '', 0, 0, 0, '0', 0, 1, 0, 0, 0),
	(12516, 56, 3, 0, 'ca_p_ei', 'Pressure charge air behind cooler', 0, 0, 0, '', 0, 0, 0, 'bar', 0, 0, 0, 5, 2.5, 2.5, 3.1, 3.2, '', 0, 0, 0, '0', 0, 1, 0, 0, 0),
	(12517, 3, 3, 0, '', 'Pressure intake air', 0, 0, 0, '', 0, 0, 0, 'bar', 0, 0, -10, 0, -9, -8, -6, -5, '', 0, 0, 0, '0', 0, 1, 0, 0, 0),
	(12518, 59, 3, 0, 'kwh', 'Produced total actvie power from generator', 0, 0, 0, '', 0, 0, 0, 'kW', 0, 0, 0, 0, 0, 0, 90, 100, '', 0, 0, 0, '0', 0, 1, 0, 0, 0),
	(12519, 59, 3, 0, '', 'Produced total reactvie power from generator', 0, 0, 0, '', 0, 0, 0, 'kVAr', 0, 0, 0, 0, 0, 0, 90, 100, '', 0, 0, 0, '0', 0, 1, 0, 0, 0),
	(12520, 59, 3, 0, 'kvar', 'Reactive generator power', 0, 0, 0, '', 0, 0, 0, 'kVAr', 0, 0, 0, 100, 0, 0, 90, 100, '', 0, 0, 0, '0', 0, 1, 0, 0, 0),
	(12521, 3, 3, 0, '', 'Remote pos. CHATCO c.w. control valve', 0, 0, 0, '', 0, 0, 0, '', 0, 0, 0, 0, 0, 0, 90, 100, '', 0, 0, 0, '0', 0, 1, 0, 0, 0),
	(12522, 60, 3, 0, '', 'Remote pos. HT c.w. control valve', 0, 0, 0, '', 0, 0, 0, '', 0, 0, 0, 0, 0, 0, 90, 100, '', 0, 0, 0, '0', 0, 1, 0, 0, 0),
	(12523, 57, 3, 0, '', 'Remote pos. lube oil temp. contr. valve', 0, 0, 0, '', 0, 0, 0, '', 0, 0, 0, 0, 0, 0, 110, 115, '', 0, 0, 0, '0', 0, 1, 0, 0, 0),
	(12524, 57, 3, 0, '', 'Remote pos. Lube oil temp. contr. Valve', 0, 0, 0, '', 0, 0, 0, '', 0, 0, 0, 0, 0, 0, 90, 100, '', 0, 0, 0, '0', 0, 1, 0, 0, 0),
	(12525, 67, 3, 0, '', 'Splash oil mean temperature', 0, 0, 0, '', 0, 0, 0, 'C', 0, 0, 0, 0, 0, 0, 90, 100, '', 0, 0, 0, '0', 0, 1, 0, 0, 0),
	(12526, 67, 3, 0, '', 'Splashoil deviation temp. rod bearing 1', 0, 0, 0, '', 0, 0, 0, 'C', 0, 0, -10, 10, -2, -3, 2, 3, '', 0, 0, 0, '0', 0, 1, 0, 0, 0),
	(12527, 67, 3, 0, '', 'Splashoil deviation temp. rod bearing 2', 0, 0, 0, '', 0, 0, 0, 'C', 0, 0, -10, 10, -2, -3, 2, 3, '', 0, 0, 0, '0', 0, 1, 0, 0, 0),
	(12528, 67, 3, 0, '', 'Splashoil deviation temp. rod bearing 3', 0, 0, 0, '', 0, 0, 0, 'C', 0, 0, -10, 10, -2, -3, 2, 3, '', 0, 0, 0, '0', 0, 1, 0, 0, 0),
	(12529, 67, 3, 0, '', 'Splashoil deviation temp. rod bearing 4', 0, 0, 0, '', 0, 0, 0, 'C', 0, 0, -10, 10, -2, -3, 2, 3, '', 0, 0, 0, '0', 0, 1, 0, 0, 0),
	(12530, 67, 3, 0, '', 'Splashoil deviation temp. rod bearing 5', 0, 0, 0, '', 0, 0, 0, 'C', 0, 0, -10, 10, -2, -3, 2, 3, '', 0, 0, 0, '0', 0, 1, 0, 0, 0),
	(12531, 67, 3, 0, '', 'Splashoil deviation temp. rod bearing 6', 0, 0, 0, '', 0, 0, 0, 'C', 0, 0, -10, 10, -2, -3, 2, 3, '', 0, 0, 0, '0', 0, 1, 0, 0, 0),
	(12532, 67, 3, 0, '', 'Splashoil deviation temp. rod bearing 7', 0, 0, 0, '', 0, 0, 0, 'C', 0, 0, -10, 10, -2, -3, 2, 3, '', 0, 0, 0, '0', 0, 1, 0, 0, 0),
	(12533, 67, 3, 0, '', 'Splashoil deviation temp. rod bearing 8', 0, 0, 0, '', 0, 0, 0, 'C', 0, 0, -10, 10, -2, -3, 2, 3, '', 0, 0, 0, '0', 0, 1, 0, 0, 0),
	(12534, 67, 3, 0, '', 'Splashoil deviation temp. rod bearing 9', 0, 0, 0, '', 0, 0, 0, 'C', 0, 0, -10, 10, -2, -3, 2, 3, '', 0, 0, 0, '0', 0, 1, 0, 0, 0),
	(12535, 67, 3, 0, '', 'Splashoil temp. rod bearing 1', 0, 0, 0, '', 0, 0, 0, 'C', 0, 0, 0, 100, 0, 0, 73, 75, '', 0, 0, 0, '0', 0, 1, 0, 0, 0),
	(12536, 67, 3, 0, '', 'Splashoil temp. rod bearing 2', 0, 0, 0, '', 0, 0, 0, 'C', 0, 0, 0, 100, 0, 0, 73, 75, '', 0, 0, 0, '0', 0, 1, 0, 0, 0),
	(12537, 67, 3, 0, '', 'Splashoil temp. rod bearing 3', 0, 0, 0, '', 0, 0, 0, 'C', 0, 0, 0, 100, 0, 0, 73, 75, '', 0, 0, 0, '0', 0, 1, 0, 0, 0),
	(12538, 67, 3, 0, '', 'Splashoil temp. rod bearing 4', 0, 0, 0, '', 0, 0, 0, 'C', 0, 0, 0, 100, 0, 0, 73, 75, '', 0, 0, 0, '0', 0, 1, 0, 0, 0),
	(12539, 67, 3, 0, '', 'Splashoil temp. rod bearing 5', 0, 0, 0, '', 0, 0, 0, 'C', 0, 0, 0, 100, 0, 0, 73, 75, '', 0, 0, 0, '0', 0, 1, 0, 0, 0),
	(12540, 67, 3, 0, '', 'Splashoil temp. rod bearing 6', 0, 0, 0, '', 0, 0, 0, 'C', 0, 0, 0, 100, 0, 0, 73, 75, '', 0, 0, 0, '0', 0, 1, 0, 0, 0),
	(12541, 67, 3, 0, '', 'Splashoil temp. rod bearing 7', 0, 0, 0, '', 0, 0, 0, 'C', 0, 0, 0, 100, 0, 0, 73, 75, '', 0, 0, 0, '0', 0, 1, 0, 0, 0),
	(12542, 67, 3, 0, '', 'Splashoil temp. rod bearing 8', 0, 0, 0, '', 0, 0, 0, 'C', 0, 0, 0, 100, 0, 0, 73, 75, '', 0, 0, 0, '0', 0, 1, 0, 0, 0),
	(12543, 67, 3, 0, '', 'Splashoil temp. rod bearing 9', 0, 0, 0, '', 0, 0, 0, 'C', 0, 0, 0, 100, 0, 0, 73, 75, '', 0, 0, 0, '0', 0, 1, 0, 0, 0),
	(12544, 55, 3, 0, 'sta_p', 'Starting air pressure', 0, 0, 0, '', 0, 0, 0, 'bar', 0, 0, 0, 40, 12, 10, 29, 35, '', 0, 0, 0, '0', 0, 1, 0, 0, 0),
	(12545, 56, 3, 0, '', 'Temp. charge air beh. cooler TC A', 0, 0, 0, '', 0, 0, 0, 'C', 0, 0, 0, 100, 50, 50, 72, 75, '', 0, 0, 0, '0', 0, 1, 0, 0, 0),
	(12546, 56, 3, 0, '', 'Temp. charge air beh. cooler TC A', 0, 0, 0, '', 0, 0, 0, 'C', 0, 0, 0, 100, 50, 50, 72, 75, '', 0, 0, 0, '0', 0, 1, 0, 0, 0),
	(12547, 56, 3, 0, '', 'Temp. charge air beh. cooler TC B', 0, 0, 0, '', 0, 0, 0, 'C', 0, 0, 0, 100, 50, 50, 72, 75, '', 0, 0, 0, '0', 0, 1, 0, 0, 0),
	(12548, 56, 3, 0, '', 'Temp. charge air cooler inlet', 0, 0, 0, '', 0, 0, 0, 'C', 0, 0, 0, 100, 25, 30, 72, 75, '', 0, 0, 0, '0', 0, 1, 0, 0, 0),
	(12549, 56, 3, 0, '', 'Temp. charge air TC A outlet', 0, 0, 0, '', 0, 0, 0, 'C', 0, 0, 0, 300, 50, 50, 230, 250, '', 0, 0, 0, '0', 0, 1, 0, 0, 0),
	(12550, 56, 3, 0, '', 'Temp. charge air TC B outlet', 0, 0, 0, '', 0, 0, 0, 'C', 0, 0, 0, 300, 50, 50, 230, 250, '', 0, 0, 0, '0', 0, 1, 0, 0, 0),
	(12551, 56, 3, 0, '', 'Temp. HT c.w. charge air cooler inlet', 0, 0, 0, '', 0, 0, 0, 'C', 0, 0, 0, 0, 0, 0, 90, 100, '', 0, 0, 0, '0', 0, 1, 0, 0, 0),
	(12552, 60, 3, 0, '', 'Temp. HT c.w. engine inlet', 0, 0, 0, '', 0, 0, 0, 'C', 0, 0, 50, 100, 70, 75, 90, 97, '', 0, 0, 0, '0', 0, 1, 0, 0, 0),
	(12553, 60, 3, 0, '', 'Temp. HT c.w. engine outlet', 0, 0, 0, '', 0, 0, 0, 'C', 0, 0, 0, 120, 0, 0, 95, 98, '', 0, 0, 0, '0', 0, 1, 0, 0, 0),
	(12554, 60, 3, 0, '', 'Temp. HT c.w. engine outlet', 0, 0, 0, '', 0, 0, 0, 'C', 0, 0, 0, 120, 0, 0, 95, 98, '', 0, 0, 0, '0', 0, 1, 0, 0, 0),
	(12555, 60, 3, 0, '', 'Temp. HT c.w. engine outlet', 0, 0, 0, '', 0, 0, 0, 'C', 0, 0, 0, 120, 0, 0, 95, 98, '', 0, 0, 0, '0', 0, 1, 0, 0, 0),
	(12556, 3, 3, 0, '', 'Temp. in terminal box on engine', 0, 0, 0, '', 0, 0, 0, 'C', 0, 0, 0, 0, 0, 0, 90, 100, '', 0, 0, 0, '0', 0, 1, 0, 0, 0),
	(12557, 3, 3, 0, '', 'Temp. in terminal box on engine', 0, 0, 0, '', 0, 0, 0, 'C', 0, 0, 0, 0, 0, 0, 90, 100, '', 0, 0, 0, '0', 0, 1, 0, 0, 0),
	(12558, 3, 3, 0, '', 'Temp. intake air before compressor', 0, 0, 0, '', 0, 0, 0, 'C', 0, 0, 0, 100, 15, 15, 35, 40, '', 0, 0, 0, '0', 0, 1, 0, 0, 0),
	(12559, 62, 3, 0, '', 'Temp. nozzle c.w. engine inlet', 0, 0, 0, '', 0, 0, 0, 'C', 0, 0, 0, 120, 35, 20, 95, 100, '', 0, 0, 0, '0', 0, 1, 0, 0, 0),
	(12560, 64, 3, 0, '', 'Turbo charger speed', 0, 0, 0, '', 0, 0, 0, 'rpm', 0, 0, 0, 15000, 10000, 9000, 11000, 12000, '', 0, 0, 0, '0', 0, 1, 0, 0, 0),
	(12561, 3, 3, 0, '', 'Viscosity transmitter', 0, 0, 0, '', 0, 0, 0, 'cST', 0, 0, 0, 20, 2, 1, 15, 17, '', 0, 0, 0, '0', 0, 1, 0, 0, 0),
	(12562, 3, 3, 0, '', 'Warm up ramp for engine load in %', 0, 0, 0, '', 0, 0, 0, '%', 0, 0, 0, 0, 0, 0, 90, 100, '', 0, 0, 0, '0', 0, 1, 0, 0, 0),
	(12601, 4, 4, NULL, 'KWH', 'Busbar 150kV kWh', 0, 0, 0, NULL, 0, NULL, 0, 'KWH', NULL, 0, 0, 1000000000, 0, 0, 1000000000, 1000000000, '', 0, 0, 0, '0', 0, 0.1, 0, 0, 0),
	(12602, 4, 4, NULL, 'kVAH', 'Busbar 150kV kVAh', 0, 0, 0, NULL, 0, NULL, 0, 'KVAH', NULL, 0, 0, 0, 0, 0, 90, 100, '', 0, 0, 0, '0', 0, 1, 0, 0, 0),
	(12603, 4, 4, NULL, 'KVARH', 'Busbar 150kV kVARH', 0, 0, 0, NULL, 0, NULL, 0, 'KVARH', NULL, 0, 0, 0, 0, 0, 90, 100, '', 0, 0, 0, '0', 0, 1, 0, 0, 0),
	(12604, 4, 4, NULL, 'KW', 'Busbar 150kV kW', 0, 0, 0, NULL, 0, NULL, 0, 'KW', NULL, 0, 0, 60, 20, 20, 55, 55, '', 0, 0, 0, '0', 0, 1, 0, 0, 0),
	(12605, 4, 4, NULL, 'KVA', 'Busbar 150kV kVA', 0, 0, 0, NULL, 0, NULL, 0, 'KVA', NULL, 0, 0, 0, 0, 0, 90, 100, '', 0, 0, 0, '0', 0, 1, 0, 0, 0),
	(12606, 4, 4, NULL, 'KVAR', 'Busbar 150kV kVAR', 0, 0, 0, NULL, 0, NULL, 0, 'KVAR', NULL, 0, 0, 0, 0, 0, 90, 100, '', 0, 0, 0, '0', 0, 1, 0, 0, 0),
	(12607, 4, 4, NULL, 'PF', 'Busbar 150kV power factor', 0, 0, 0, NULL, 0, NULL, 0, '-', NULL, 0, 0, 1, 0.8, 0.9, 1, 1, '', 0, 0, 0, '0', 0, 1, 0, 0, 0),
	(12608, 4, 4, NULL, 'volt1', 'Busbar 150kV average phase voltage', 0, 0, 0, NULL, 0, NULL, 0, 'kV', NULL, 0, 0, 160, 120, 130, 155, 160, '', 0, 0, 0, '0', 0, 1, 0, 0, 0),
	(12609, 4, 4, NULL, 'volt2', 'Busbar 150kV average delta voltage', 0, 0, 0, NULL, 0, NULL, 0, 'kV', NULL, 0, 0, 160, 120, 130, 155, 160, '', 0, 0, 0, '0', 0, 1, 0, 0, 0),
	(12610, 4, 4, NULL, 'amp1', 'Busbar 150kV average current', 0, 0, 0, NULL, 0, NULL, 0, 'A', NULL, 0, 0, 300, 0, 150, 230, 250, '', 0, 0, 0, '0', 0, 1, 0, 0, 0),
	(12611, 4, 4, NULL, 'freq', 'Busbar 150kV frequency', 0, 0, 0, NULL, 0, NULL, 0, 'Hz', NULL, 0, 0, 53, 49, 48, 51, 52, '', 0, 0, 0, '0', 0, 1, 0, 0, 0),
	(12612, 4, 4, NULL, 'amp-R', 'Busbar 150kV phase R current', 0, 0, 0, NULL, 0, NULL, 0, 'A', NULL, 0, 0, 300, 0, 150, 230, 250, '', 0, 0, 0, '0', 0, 1, 0, 0, 0),
	(12613, 4, 4, NULL, 'amp-S', 'Busbar 150kV phase S current', 0, 0, 0, NULL, 0, NULL, 0, 'A', NULL, 0, 0, 0, 0, 0, 90, 100, '', 0, 0, 0, '0', 0, 1, 0, 0, 0),
	(12614, 4, 4, NULL, 'amp-T', 'Busbar 150kV phase T current', 0, 0, 0, NULL, 0, NULL, 0, 'A', NULL, 0, 0, 0, 0, 0, 90, 100, '', 0, 0, 0, '0', 0, 1, 0, 0, 0),
	(12615, 4, 4, NULL, 'amp-N', 'Busbar 150kV N current', 0, 0, 0, NULL, 0, NULL, 0, 'A', NULL, 0, 0, 0, 0, 0, 90, 100, '', 0, 0, 0, '0', 0, 1, 0, 0, 0),
	(12616, 4, 4, NULL, 'volt-RS', 'Busbar 150kV voltage R-S ', 0, 0, 0, NULL, 0, NULL, 0, 'kV', NULL, 0, 0, 160, 130, 140, 155, 160, '', 0, 0, 0, '0', 0, 1, 0, 0, 0),
	(12617, 4, 4, NULL, 'volt-ST', 'Busbar 150kV voltage S-T', 0, 0, 0, NULL, 0, NULL, 0, 'kV', NULL, 0, 0, 160, 130, 140, 155, 160, '', 0, 0, 0, '0', 0, 1, 0, 0, 0),
	(12618, 4, 4, NULL, 'volt-RT', 'Busbar 150kV voltage R-T', 0, 0, 0, NULL, 0, NULL, 0, 'kV', NULL, 0, 0, 160, 130, 140, 155, 160, '', 0, 0, 0, '0', 0, 1, 0, 0, 0),
	(12619, 4, 4, NULL, 'volt-RN', 'Busbar 150kV voltage R-N', 0, 0, 0, NULL, 0, NULL, 0, 'kV', NULL, 0, 0, 0, 0, 0, 90, 100, '', 0, 0, 0, '0', 0, 1, 0, 0, 0),
	(12620, 4, 4, NULL, 'volt-SN', 'Busbar 150kV voltage S-N', 0, 0, 0, NULL, 0, NULL, 0, 'kV', NULL, 0, 0, 0, 0, 0, 90, 100, '', 0, 0, 0, '0', 0, 1, 0, 0, 0),
	(12621, 4, 4, NULL, 'volt-TN', 'Busbar 150kV voltage T-N', 0, 0, 0, NULL, 0, NULL, 0, 'kV', NULL, 0, 0, 0, 0, 0, 90, 100, '', 0, 0, 0, '0', 0, 1, 0, 0, 0),
	(12701, 20, 1, NULL, 'mfo_stat', 'MFO', 0, 0, 0, NULL, 0, NULL, 0, '', NULL, 0, 0, 0, 0, 0, 90, 100, 'Selector bahan bakar', 1, 0, 0, '0', 0, 1, 0, 0, 0),
	(12702, 20, 1, NULL, 'hsd_stat', 'HSD', 0, 0, 0, NULL, 0, NULL, 0, '', NULL, 0, 0, 0, 0, 0, 90, 100, 'Selector bahan bakar', 1, 0, 0, '0', 0, 1, 0, 0, 0),
	(12703, 20, 1, NULL, 'f_mfo', 'MFO Counter', 0, 0, 0, NULL, 0, NULL, 0, '', NULL, 0, 0, 1000000000, 0, 0, 1000000000, 1000000000, '', 1, 0, 0, '0', 0, 1, 0, 0, 0),
	(12704, 20, 1, NULL, 'f_hsd', 'HSD Counter', 0, 0, 0, NULL, 0, NULL, 0, '', NULL, 0, 0, 1000000000, 0, 0, 1000000000, 1000000000, '', 1, 0, 0, '0', 0, 1, 0, 0, 0),
	(12705, 33, 2, NULL, 'mfo_stat', 'MFO', 0, 0, 0, NULL, 0, NULL, 0, NULL, 0, 0, 0, 9999, 0, 0, 9999, 9999, NULL, 2, 0, 0, '0', 0, 1, 0, 0, 0),
	(12706, 33, 2, NULL, 'hsd_stat', 'HSD', 0, 0, 0, NULL, 0, NULL, 0, NULL, NULL, 0, 0, 9999, 0, 0, 9999, 9999, NULL, 2, 0, 0, '0', 0, 1, 0, 0, 0),
	(12707, 33, 2, NULL, 'f_mfo', 'MFO Counter', 0, 0, 0, NULL, 0, NULL, 0, NULL, NULL, 0, 0, 1000000000, 0, 0, 1000000000, 1000000000, NULL, 2, 0, 0, '0', 0, 1, 0, 0, 0),
	(12708, 33, 2, NULL, 'f_hsd', 'HSD Counter', 0, 0, 0, NULL, 0, NULL, 0, NULL, NULL, 0, 0, 1000000000, 0, 0, 1000000000, 1000000000, NULL, 2, 0, 0, '0', 0, 1, 0, 0, 0),
	(12709, 66, 3, NULL, 'mfo_stat', 'MFO', 0, 0, 0, NULL, 0, NULL, 0, NULL, NULL, 0, 0, 9999, 0, 0, 9999, 9999, NULL, 4, 0, 0, '0', 0, 1, 0, 0, 0),
	(12710, 66, 3, NULL, 'hsd_stat', 'HSD', 0, 0, 0, NULL, 0, NULL, 0, NULL, NULL, 0, 0, 9999, 0, 0, 9999, 9999, NULL, 4, 0, 0, '0', 0, 1, 0, 0, 0),
	(12711, 66, 3, NULL, 'f_mfo', 'MFO Counter', 0, 0, 0, NULL, 0, NULL, 0, '', NULL, 0, 0, 1000000000, 0, 0, 1000000000, 1000000000, '', 4, 0, 0, '0', 0, 1, 0, 0, 0),
	(12712, 66, 3, NULL, 'f_hsd', 'HSD Counter', 0, 0, 0, NULL, 0, NULL, 0, NULL, NULL, 0, 0, 1000000000, 0, 0, 1000000000, 1000000000, NULL, 4, 0, 0, '0', 0, 1, 0, 0, 0),
	(12713, 34, 1, NULL, 'sfc', 'SFC mesin 1', 0, 0, 0, NULL, 0, NULL, 0, NULL, NULL, 0, 0, 1, 0, 0, 0.25, 0.3, NULL, 5, 0, 0, '0', 0, 0, 0, 0, 0),
	(12714, 34, 2, NULL, 'sfc', 'SFC mesin 2', 0, 0, 0, NULL, 0, NULL, 0, NULL, NULL, 0, 0, 1, 0, 0, 0.25, 0.3, NULL, 5, 0, 0, '0', 0, 0, 0, 0, 0),
	(12715, 34, 3, NULL, 'sfc', 'SFC mesin 3', 0, 0, 0, NULL, 0, NULL, 0, NULL, NULL, 0, 0, 1, 0, 0, 0.25, 0.3, NULL, 5, 0, 0, '0', 0, 0, 0, 0, 0),
	(12716, 34, 4, NULL, 'sfc', 'SFC Plant', 0, 0, 0, NULL, 0, NULL, 0, NULL, NULL, 0, 0, 1, 0, 0, 0.25, 0.3, NULL, 5, 0, 0, '0', 0, 0, 0, 0, 0),
	(12800, 4, 4, NULL, 'KWH_EX', 'MWH_EXPORT', 0, 0, 0, NULL, 0, NULL, 0, 'KWH', NULL, 0, 0, 10000000, 0, 0, 10000000, 10000000, '', 0, 0, 0, '0', 0, 1, 0, 0, 0),
	(12801, 4, 4, NULL, 'MWH_I', 'MWH_IMPORT', 0, 0, 0, NULL, 0, NULL, 0, 'MWH', NULL, 0, 0, 10000000, 0, 0, 10000000, 10000000, '', 0, 0, 0, '0', 0, 1, 0, 0, 0),
	(12802, 4, 4, NULL, 'MVArh_Expo', 'MVArh Export', 0, 0, 0, NULL, 0, NULL, 0, 'MVArh', NULL, 0, 0, 10000000, 0, 0, 10000000, 10000000, '', 0, 0, 0, '0', 0, 1, 0, 0, 0),
	(12803, 4, 4, NULL, 'MVARH_I', 'MVArh-Import', 0, 0, 0, NULL, 0, NULL, 0, 'MVARH', NULL, 0, 0, 10000000, 0, 0, 10000000, 10000000, '', 0, 0, 0, '0', 0, 1, 0, 0, 0);
/*!40000 ALTER TABLE `titik_ukur` ENABLE KEYS */;
/*!40101 SET SQL_MODE=IFNULL(@OLD_SQL_MODE, '') */;
/*!40014 SET FOREIGN_KEY_CHECKS=IF(@OLD_FOREIGN_KEY_CHECKS IS NULL, 1, @OLD_FOREIGN_KEY_CHECKS) */;
/*!40101 SET CHARACTER_SET_CLIENT=@OLD_CHARACTER_SET_CLIENT */;
